,Block,Creation Time,Txn,Fee Recipient,Gas Used,Gas Limit
0,21136702,,165,0x4838B106FCe9647Bdf1E7877BF73cE8B0BAD5f97,15751940,30000000
1,21136701,-12.0,107,0x95222290DD7278Aa3Ddd389Cc1E1d165CC4BAfe5,7696457,30000000
2,21136700,-12.0,241,0x95222290DD7278Aa3Ddd389Cc1E1d165CC4BAfe5,20035492,30000000
3,21136699,-12.0,271,0x4838B106FCe9647Bdf1E7877BF73cE8B0BAD5f97,21745171,30000000
4,21136698,-12.0,123,0x4008Ed96594b645f057c9998a2924545fAbB6545,7629631,30000000
5,21136697,-12.0,180,0x4838B106FCe9647Bdf1E7877BF73cE8B0BAD5f97,12496663,30000000
6,21136696,-12.0,238,0x95222290DD7278Aa3Ddd389Cc1E1d165CC4BAfe5,18727255,30000000
7,21136695,-12.0,198,0x95222290DD7278Aa3Ddd389Cc1E1d165CC4BAfe5,14982520,30000000
8,21136694,-12.0,166,0x95222290DD7278Aa3Ddd389Cc1E1d165CC4BAfe5,10663379,30000000
9,21136693,-12.0,196,0x95222290DD7278Aa3Ddd389Cc1E1d165CC4BAfe5,13221676,30000000
10,21136692,-12.0,165,0x95222290DD7278Aa3Ddd389Cc1E1d165CC4BAfe5,11996163,30000000
11,21136691,-12.0,179,0x95222290DD7278Aa3Ddd389Cc1E1d165CC4BAfe5,12674495,30000000
12,21136690,-12.0,173,0x4838B106FCe9647Bdf1E7877BF73cE8B0BAD5f97,13418121,30000000
13,21136689,-12.0,162,0x95222290DD7278Aa3Ddd389Cc1E1d165CC4BAfe5,12029815,30000000
14,21136688,-12.0,206,0x95222290DD7278Aa3Ddd389Cc1E1d165CC4BAfe5,22657027,30000000
15,21136687,-12.0,245,0x95222290DD7278Aa3Ddd389Cc1E1d165CC4BAfe5,18091504,30000000
16,21136686,-12.0,115,0x95222290DD7278Aa3Ddd389Cc1E1d165CC4BAfe5,10388487,30000000
17,21136685,-12.0,140,0x95222290DD7278Aa3Ddd389Cc1E1d165CC4BAfe5,10138253,30000000
18,21136684,-12.0,182,0x95222290DD7278Aa3Ddd389Cc1E1d165CC4BAfe5,13337970,30000000
19,21136683,-12.0,318,0x4838B106FCe9647Bdf1E7877BF73cE8B0BAD5f97,22301170,30000000
20,21136682,-12.0,142,0x93F6bE2801dc75244252de16aB6fD5139d9BD76e,8171013,30000000
21,21136681,-12.0,142,0x4838B106FCe9647Bdf1E7877BF73cE8B0BAD5f97,10691233,30000000
22,21136680,-12.0,193,0x4838B106FCe9647Bdf1E7877BF73cE8B0BAD5f97,14991831,30000000
23,21136679,-12.0,157,0x95222290DD7278Aa3Ddd389Cc1E1d165CC4BAfe5,12703893,30000000
24,21136678,-12.0,223,0x95222290DD7278Aa3Ddd389Cc1E1d165CC4BAfe5,18045108,30000000
25,21136677,-12.0,151,0x95222290DD7278Aa3Ddd389Cc1E1d165CC4BAfe5,13863848,30000000
26,21136676,-12.0,132,0x4838B106FCe9647Bdf1E7877BF73cE8B0BAD5f97,12901298,30000000
27,21136675,-12.0,190,0x95222290DD7278Aa3Ddd389Cc1E1d165CC4BAfe5,16232114,30000000
28,21136674,-12.0,136,0x4838B106FCe9647Bdf1E7877BF73cE8B0BAD5f97,11667122,30000000
29,21136673,-12.0,154,0x4838B106FCe9647Bdf1E7877BF73cE8B0BAD5f97,17816007,30000000
30,21136672,-12.0,137,0x4838B106FCe9647Bdf1E7877BF73cE8B0BAD5f97,15117797,30000000
31,21136671,-12.0,209,0x4838B106FCe9647Bdf1E7877BF73cE8B0BAD5f97,25729034,30000000
32,21136670,-12.0,152,0x4838B106FCe9647Bdf1E7877BF73cE8B0BAD5f97,21149528,30000000
33,21136669,-12.0,162,0x95222290DD7278Aa3Ddd389Cc1E1d165CC4BAfe5,13185860,30000000
34,21136668,-12.0,230,0x4838B106FCe9647Bdf1E7877BF73cE8B0BAD5f97,19745955,30000000
35,21136667,-12.0,155,0x95222290DD7278Aa3Ddd389Cc1E1d165CC4BAfe5,13540507,30000000
36,21136666,-12.0,142,0x95222290DD7278Aa3Ddd389Cc1E1d165CC4BAfe5,11396584,30000000
37,21136665,-12.0,195,0x95222290DD7278Aa3Ddd389Cc1E1d165CC4BAfe5,19317951,30000000
38,21136664,-12.0,203,0x4838B106FCe9647Bdf1E7877BF73cE8B0BAD5f97,15294597,30000000
39,21136663,-12.0,203,0x95222290DD7278Aa3Ddd389Cc1E1d165CC4BAfe5,14194811,30000000
40,21136662,-12.0,165,0x95222290DD7278Aa3Ddd389Cc1E1d165CC4BAfe5,15420371,30000000
41,21136661,-12.0,190,0x95222290DD7278Aa3Ddd389Cc1E1d165CC4BAfe5,14251825,30000000
42,21136660,-12.0,163,0x95222290DD7278Aa3Ddd389Cc1E1d165CC4BAfe5,13571274,30000000
43,21136659,-12.0,244,0x95222290DD7278Aa3Ddd389Cc1E1d165CC4BAfe5,23953890,30000000
44,21136658,-12.0,188,0x95222290DD7278Aa3Ddd389Cc1E1d165CC4BAfe5,13876893,30000000
45,21136657,-12.0,211,0x95222290DD7278Aa3Ddd389Cc1E1d165CC4BAfe5,17764974,30000000
46,21136656,-12.0,153,0x4838B106FCe9647Bdf1E7877BF73cE8B0BAD5f97,11404897,30000000
47,21136655,-12.0,163,0x4838B106FCe9647Bdf1E7877BF73cE8B0BAD5f97,11835772,30000000
48,21136654,-12.0,133,0x4838B106FCe9647Bdf1E7877BF73cE8B0BAD5f97,13014178,30000000
49,21136653,-12.0,217,0x95222290DD7278Aa3Ddd389Cc1E1d165CC4BAfe5,20945534,30000000
50,21136652,-12.0,161,0x95222290DD7278Aa3Ddd389Cc1E1d165CC4BAfe5,11437283,30000000
51,21136651,-12.0,134,0x4838B106FCe9647Bdf1E7877BF73cE8B0BAD5f97,12378912,30000000
52,21136650,-12.0,171,0x95222290DD7278Aa3Ddd389Cc1E1d165CC4BAfe5,16012783,30000000
53,21136649,-12.0,192,0x95222290DD7278Aa3Ddd389Cc1E1d165CC4BAfe5,17283291,30000000
54,21136648,-12.0,215,0x95222290DD7278Aa3Ddd389Cc1E1d165CC4BAfe5,13217757,30000000
55,21136647,-12.0,192,0x95222290DD7278Aa3Ddd389Cc1E1d165CC4BAfe5,13982820,30000000
56,21136646,-12.0,134,0x4838B106FCe9647Bdf1E7877BF73cE8B0BAD5f97,14737688,30000000
57,21136645,-12.0,198,0x95222290DD7278Aa3Ddd389Cc1E1d165CC4BAfe5,17543109,30000000
58,21136644,-12.0,207,0x4838B106FCe9647Bdf1E7877BF73cE8B0BAD5f97,17485769,30000000
59,21136643,-12.0,120,0x758A4A45dd08D826FC3f2436ce3FA263fB1A4F42,6841946,30000000
60,21136642,-12.0,149,0x95222290DD7278Aa3Ddd389Cc1E1d165CC4BAfe5,22357339,30000000
61,21136641,-12.0,150,0x95222290DD7278Aa3Ddd389Cc1E1d165CC4BAfe5,12169874,30000000
62,21136640,-12.0,191,0x95222290DD7278Aa3Ddd389Cc1E1d165CC4BAfe5,16268664,30000000
63,21136639,-12.0,127,0x4838B106FCe9647Bdf1E7877BF73cE8B0BAD5f97,14443684,30000000
64,21136638,-12.0,203,0x95222290DD7278Aa3Ddd389Cc1E1d165CC4BAfe5,16395511,30000000
65,21136637,-12.0,219,0x95222290DD7278Aa3Ddd389Cc1E1d165CC4BAfe5,20549617,30000000
66,21136636,-12.0,178,0x95222290DD7278Aa3Ddd389Cc1E1d165CC4BAfe5,13790421,30000000
67,21136635,-12.0,169,0x95222290DD7278Aa3Ddd389Cc1E1d165CC4BAfe5,11679134,30000000
68,21136634,-12.0,313,0x95222290DD7278Aa3Ddd389Cc1E1d165CC4BAfe5,23536125,30000000
69,21136633,-12.0,423,0x4838B106FCe9647Bdf1E7877BF73cE8B0BAD5f97,29958637,30000000
70,21136632,-12.0,38,0xD698ad66c8D8BdE28061DC90e6D3a19CCfb9a0D8,3569991,30000000
71,21136631,-12.0,291,0x4838B106FCe9647Bdf1E7877BF73cE8B0BAD5f97,18835751,30000000
72,21136630,-12.0,254,0x95222290DD7278Aa3Ddd389Cc1E1d165CC4BAfe5,19228122,30000000
73,21136629,-12.0,143,0x95222290DD7278Aa3Ddd389Cc1E1d165CC4BAfe5,11415640,30000000
74,21136628,-12.0,230,0x95222290DD7278Aa3Ddd389Cc1E1d165CC4BAfe5,16381815,30000000
75,21136627,-12.0,219,0x95222290DD7278Aa3Ddd389Cc1E1d165CC4BAfe5,17205371,30000000
76,21136626,-12.0,136,0x4838B106FCe9647Bdf1E7877BF73cE8B0BAD5f97,10532434,30000000
77,21136625,-12.0,171,0x95222290DD7278Aa3Ddd389Cc1E1d165CC4BAfe5,15408108,30000000
78,21136624,-12.0,225,0x4838B106FCe9647Bdf1E7877BF73cE8B0BAD5f97,16478139,30000000
79,21136623,-12.0,150,0x388C818CA8B9251b393131C08a736A67ccB19297,8560606,30000000
80,21136622,-12.0,159,0x95222290DD7278Aa3Ddd389Cc1E1d165CC4BAfe5,13112165,30000000
81,21136621,-12.0,171,0x4838B106FCe9647Bdf1E7877BF73cE8B0BAD5f97,15547301,30000000
82,21136620,-12.0,147,0x95222290DD7278Aa3Ddd389Cc1E1d165CC4BAfe5,12942513,30000000
83,21136619,-12.0,118,0x95222290DD7278Aa3Ddd389Cc1E1d165CC4BAfe5,9504106,30000000
84,21136618,-12.0,259,0x95222290DD7278Aa3Ddd389Cc1E1d165CC4BAfe5,25213682,30000000
85,21136617,-12.0,141,0x1f9090aaE28b8a3dCeaDf281B0F12828e676c326,12239174,30000000
86,21136616,-12.0,157,0x4838B106FCe9647Bdf1E7877BF73cE8B0BAD5f97,13190867,30000000
87,21136615,-12.0,176,0x95222290DD7278Aa3Ddd389Cc1E1d165CC4BAfe5,16055994,30000000
88,21136614,-12.0,183,0x95222290DD7278Aa3Ddd389Cc1E1d165CC4BAfe5,15379462,30000000
89,21136613,-12.0,142,0x4838B106FCe9647Bdf1E7877BF73cE8B0BAD5f97,12554877,30000000
90,21136612,-12.0,232,0x95222290DD7278Aa3Ddd389Cc1E1d165CC4BAfe5,19502147,30000000
91,21136611,-12.0,140,0xdf99A0839818B3f120EBAC9B73f82B617Dc6A555,10368678,30000000
92,21136610,-12.0,197,0x95222290DD7278Aa3Ddd389Cc1E1d165CC4BAfe5,18036033,30000000
93,21136609,-12.0,133,0x1f9090aaE28b8a3dCeaDf281B0F12828e676c326,8544101,30000000
94,21136608,-12.0,349,0x95222290DD7278Aa3Ddd389Cc1E1d165CC4BAfe5,24147285,30000000
95,21136607,-12.0,235,0x95222290DD7278Aa3Ddd389Cc1E1d165CC4BAfe5,20958815,30000000
96,21136606,-12.0,110,0xd4E96eF8eee8678dBFf4d535E033Ed1a4F7605b7,5637902,30000000
97,21136605,-12.0,185,0x95222290DD7278Aa3Ddd389Cc1E1d165CC4BAfe5,18331319,30000000
98,21136604,-12.0,156,0x4838B106FCe9647Bdf1E7877BF73cE8B0BAD5f97,11452122,30000000
99,21136603,-12.0,212,0xdf99A0839818B3f120EBAC9B73f82B617Dc6A555,14061858,30000000
100,21136602,-12.0,156,0x95222290DD7278Aa3Ddd389Cc1E1d165CC4BAfe5,13784257,30000000
101,21136601,-12.0,160,0x95222290DD7278Aa3Ddd389Cc1E1d165CC4BAfe5,12069590,30000000
102,21136600,-12.0,171,0x4838B106FCe9647Bdf1E7877BF73cE8B0BAD5f97,13402667,30000000
103,21136599,-12.0,135,0x4838B106FCe9647Bdf1E7877BF73cE8B0BAD5f97,16880878,30000000
104,21136598,-12.0,192,0x95222290DD7278Aa3Ddd389Cc1E1d165CC4BAfe5,15689376,30000000
105,21136597,-12.0,169,0x4838B106FCe9647Bdf1E7877BF73cE8B0BAD5f97,13784135,30000000
106,21136596,-12.0,172,0x95222290DD7278Aa3Ddd389Cc1E1d165CC4BAfe5,13984520,30000000
107,21136595,-12.0,148,0x95222290DD7278Aa3Ddd389Cc1E1d165CC4BAfe5,12319899,30000000
108,21136594,-12.0,170,0x95222290DD7278Aa3Ddd389Cc1E1d165CC4BAfe5,12968760,30000000
109,21136593,-12.0,259,0x95222290DD7278Aa3Ddd389Cc1E1d165CC4BAfe5,18811460,30000000
110,21136592,-12.0,208,0x4838B106FCe9647Bdf1E7877BF73cE8B0BAD5f97,16452665,30000000
111,21136591,-12.0,158,0x95222290DD7278Aa3Ddd389Cc1E1d165CC4BAfe5,12062396,30000000
112,21136590,-12.0,156,0x95222290DD7278Aa3Ddd389Cc1E1d165CC4BAfe5,12158292,30000000
113,21136589,-12.0,204,0x95222290DD7278Aa3Ddd389Cc1E1d165CC4BAfe5,16350755,30000000
114,21136588,-12.0,241,0x4838B106FCe9647Bdf1E7877BF73cE8B0BAD5f97,14604606,30000000
115,21136587,-12.0,205,0x4838B106FCe9647Bdf1E7877BF73cE8B0BAD5f97,15183519,30000000
116,21136586,-12.0,257,0x4838B106FCe9647Bdf1E7877BF73cE8B0BAD5f97,13824763,30000000
117,21136585,-12.0,167,0x95222290DD7278Aa3Ddd389Cc1E1d165CC4BAfe5,12637805,30000000
118,21136584,-12.0,181,0x95222290DD7278Aa3Ddd389Cc1E1d165CC4BAfe5,17549716,30000000
119,21136583,-12.0,200,0x1f9090aaE28b8a3dCeaDf281B0F12828e676c326,12693577,30000000
120,21136582,-12.0,218,0x95222290DD7278Aa3Ddd389Cc1E1d165CC4BAfe5,17567839,30000000
121,21136581,-12.0,121,0x4838B106FCe9647Bdf1E7877BF73cE8B0BAD5f97,10862042,30000000
122,21136580,-12.0,183,0x4838B106FCe9647Bdf1E7877BF73cE8B0BAD5f97,15852763,30000000
123,21136579,-12.0,155,0x95222290DD7278Aa3Ddd389Cc1E1d165CC4BAfe5,12360958,30000000
124,21136578,-12.0,322,0x95222290DD7278Aa3Ddd389Cc1E1d165CC4BAfe5,29991692,30000000
125,21136577,-12.0,223,0x1f9090aaE28b8a3dCeaDf281B0F12828e676c326,13817143,30000000
126,21136576,-12.0,182,0x95222290DD7278Aa3Ddd389Cc1E1d165CC4BAfe5,15405018,30000000
127,21136575,-12.0,137,0x95222290DD7278Aa3Ddd389Cc1E1d165CC4BAfe5,10073374,30000000
128,21136574,-12.0,151,0x95222290DD7278Aa3Ddd389Cc1E1d165CC4BAfe5,11977108,30000000
129,21136573,-12.0,206,0x95222290DD7278Aa3Ddd389Cc1E1d165CC4BAfe5,18170925,30000000
130,21136572,-12.0,171,0x95222290DD7278Aa3Ddd389Cc1E1d165CC4BAfe5,14011529,30000000
131,21136571,-12.0,169,0x95222290DD7278Aa3Ddd389Cc1E1d165CC4BAfe5,13237425,30000000
132,21136570,-12.0,162,0x95222290DD7278Aa3Ddd389Cc1E1d165CC4BAfe5,12071970,30000000
133,21136569,-12.0,188,0x95222290DD7278Aa3Ddd389Cc1E1d165CC4BAfe5,13454486,30000000
134,21136568,-12.0,148,0x4838B106FCe9647Bdf1E7877BF73cE8B0BAD5f97,12589818,30000000
135,21136567,-12.0,206,0x95222290DD7278Aa3Ddd389Cc1E1d165CC4BAfe5,20661693,30000000
136,21136566,-12.0,163,0x4838B106FCe9647Bdf1E7877BF73cE8B0BAD5f97,14215279,30000000
137,21136565,-12.0,252,0x95222290DD7278Aa3Ddd389Cc1E1d165CC4BAfe5,18457450,30000000
138,21136564,-12.0,157,0x95222290DD7278Aa3Ddd389Cc1E1d165CC4BAfe5,13510189,30000000
139,21136563,-12.0,175,0x95222290DD7278Aa3Ddd389Cc1E1d165CC4BAfe5,14331342,30000000
140,21136562,-12.0,155,0x4838B106FCe9647Bdf1E7877BF73cE8B0BAD5f97,14208361,30000000
141,21136561,-12.0,182,0x95222290DD7278Aa3Ddd389Cc1E1d165CC4BAfe5,16013007,30000000
142,21136560,-12.0,181,0x95222290DD7278Aa3Ddd389Cc1E1d165CC4BAfe5,15210384,30000000
143,21136559,-12.0,182,0x4838B106FCe9647Bdf1E7877BF73cE8B0BAD5f97,12587085,30000000
144,21136558,-12.0,235,0x4838B106FCe9647Bdf1E7877BF73cE8B0BAD5f97,17837703,30000000
145,21136557,-12.0,140,0x95222290DD7278Aa3Ddd389Cc1E1d165CC4BAfe5,10199648,30000000
146,21136556,-12.0,183,0x95222290DD7278Aa3Ddd389Cc1E1d165CC4BAfe5,16770768,30000000
147,21136555,-12.0,167,0x95222290DD7278Aa3Ddd389Cc1E1d165CC4BAfe5,12580523,30000000
148,21136554,-12.0,163,0x4838B106FCe9647Bdf1E7877BF73cE8B0BAD5f97,13231572,30000000
149,21136553,-12.0,174,0x95222290DD7278Aa3Ddd389Cc1E1d165CC4BAfe5,14593311,30000000
150,21136552,-12.0,191,0x95222290DD7278Aa3Ddd389Cc1E1d165CC4BAfe5,16956590,30000000
151,21136551,-12.0,155,0x4838B106FCe9647Bdf1E7877BF73cE8B0BAD5f97,11616572,30000000
152,21136550,-12.0,279,0x95222290DD7278Aa3Ddd389Cc1E1d165CC4BAfe5,22497726,30000000
153,21136549,-12.0,145,0x4838B106FCe9647Bdf1E7877BF73cE8B0BAD5f97,11863529,30000000
154,21136548,-12.0,134,0x95222290DD7278Aa3Ddd389Cc1E1d165CC4BAfe5,14257838,30000000
155,21136547,-12.0,221,0x95222290DD7278Aa3Ddd389Cc1E1d165CC4BAfe5,20524165,30000000
156,21136546,-12.0,271,0x4838B106FCe9647Bdf1E7877BF73cE8B0BAD5f97,24426864,30000000
157,21136545,-12.0,239,0x95222290DD7278Aa3Ddd389Cc1E1d165CC4BAfe5,18789884,30000000
158,21136544,-12.0,93,0x655fA8459044a0aAAb594CC05577497750c53Dc5,4819901,30000000
159,21136543,-12.0,207,0x95222290DD7278Aa3Ddd389Cc1E1d165CC4BAfe5,16463898,30000000
160,21136542,-12.0,150,0x95222290DD7278Aa3Ddd389Cc1E1d165CC4BAfe5,12572215,30000000
161,21136541,-12.0,154,0x4838B106FCe9647Bdf1E7877BF73cE8B0BAD5f97,13742741,30000000
162,21136540,-12.0,291,0x95222290DD7278Aa3Ddd389Cc1E1d165CC4BAfe5,24769929,30000000
163,21136539,-12.0,137,0x4838B106FCe9647Bdf1E7877BF73cE8B0BAD5f97,8110381,30000000
164,21136538,-12.0,153,0x2bf916f8169Ed2a77324d3E168284FC252aE4087,14615748,30000000
165,21136537,-12.0,193,0x4838B106FCe9647Bdf1E7877BF73cE8B0BAD5f97,14610449,30000000
166,21136536,-12.0,196,0x95222290DD7278Aa3Ddd389Cc1E1d165CC4BAfe5,15291631,30000000
167,21136535,-12.0,170,0x95222290DD7278Aa3Ddd389Cc1E1d165CC4BAfe5,15000006,30000000
168,21136534,-12.0,138,0x95222290DD7278Aa3Ddd389Cc1E1d165CC4BAfe5,12496969,30000000
169,21136533,-12.0,187,0x4838B106FCe9647Bdf1E7877BF73cE8B0BAD5f97,20841476,30000000
170,21136532,-12.0,240,0x4838B106FCe9647Bdf1E7877BF73cE8B0BAD5f97,17308438,30000000
171,21136531,-12.0,143,0x4838B106FCe9647Bdf1E7877BF73cE8B0BAD5f97,11737968,30000000
172,21136530,-12.0,165,0x4838B106FCe9647Bdf1E7877BF73cE8B0BAD5f97,15892190,30000000
173,21136529,-12.0,194,0x4838B106FCe9647Bdf1E7877BF73cE8B0BAD5f97,17521596,30000000
174,21136528,-12.0,165,0x95222290DD7278Aa3Ddd389Cc1E1d165CC4BAfe5,14528600,30000000
175,21136527,-12.0,195,0x95222290DD7278Aa3Ddd389Cc1E1d165CC4BAfe5,15868410,30000000
176,21136526,-12.0,165,0x4838B106FCe9647Bdf1E7877BF73cE8B0BAD5f97,16328100,30000000
177,21136525,-12.0,240,0x95222290DD7278Aa3Ddd389Cc1E1d165CC4BAfe5,16789524,30000000
178,21136524,-12.0,221,0x95222290DD7278Aa3Ddd389Cc1E1d165CC4BAfe5,21450214,30000000
179,21136523,-12.0,87,0xB9Ac41519b3C748eB753Db9c9CdD011e3Eb8dc90,5005116,30000000
180,21136522,-12.0,206,0x95222290DD7278Aa3Ddd389Cc1E1d165CC4BAfe5,14882470,30000000
181,21136521,-12.0,155,0x4838B106FCe9647Bdf1E7877BF73cE8B0BAD5f97,14229294,30000000
182,21136520,-12.0,168,0x95222290DD7278Aa3Ddd389Cc1E1d165CC4BAfe5,12501172,30000000
183,21136519,-12.0,161,0x95222290DD7278Aa3Ddd389Cc1E1d165CC4BAfe5,13572766,30000000
184,21136518,-12.0,235,0x95222290DD7278Aa3Ddd389Cc1E1d165CC4BAfe5,20289015,30000000
185,21136517,-12.0,104,0x388C818CA8B9251b393131C08a736A67ccB19297,6537860,30000000
186,21136516,-12.0,188,0x95222290DD7278Aa3Ddd389Cc1E1d165CC4BAfe5,13273515,30000000
187,21136515,-12.0,186,0x4838B106FCe9647Bdf1E7877BF73cE8B0BAD5f97,14385405,30000000
188,21136514,-12.0,136,0x95222290DD7278Aa3Ddd389Cc1E1d165CC4BAfe5,11526772,30000000
189,21136513,-12.0,191,0x95222290DD7278Aa3Ddd389Cc1E1d165CC4BAfe5,14110352,30000000
190,21136512,-12.0,210,0x4838B106FCe9647Bdf1E7877BF73cE8B0BAD5f97,15075148,30000000
191,21136511,-12.0,138,0x95222290DD7278Aa3Ddd389Cc1E1d165CC4BAfe5,10093050,30000000
192,21136510,-12.0,264,0x95222290DD7278Aa3Ddd389Cc1E1d165CC4BAfe5,25851147,30000000
193,21136509,-12.0,76,0x65B9A85ED5d4168FFE4Cd0ff660fECa9aD062Abf,3809461,30000000
194,21136508,-12.0,185,0x95222290DD7278Aa3Ddd389Cc1E1d165CC4BAfe5,22000083,30000000
195,21136507,-12.0,74,0x47D55847bFABA8DC5c2954257378F621A9154cE4,6254431,30000000
196,21136506,-12.0,141,0x95222290DD7278Aa3Ddd389Cc1E1d165CC4BAfe5,13220121,30000000
197,21136505,-12.0,280,0x95222290DD7278Aa3Ddd389Cc1E1d165CC4BAfe5,24541991,30000000
198,21136504,-12.0,193,0x4838B106FCe9647Bdf1E7877BF73cE8B0BAD5f97,17664293,30000000
199,21136503,-12.0,139,0x4838B106FCe9647Bdf1E7877BF73cE8B0BAD5f97,10588331,30000000
200,21136502,-12.0,136,0x95222290DD7278Aa3Ddd389Cc1E1d165CC4BAfe5,12397070,30000000
201,21136501,-12.0,169,0x95222290DD7278Aa3Ddd389Cc1E1d165CC4BAfe5,14540868,30000000
202,21136500,-12.0,192,0x95222290DD7278Aa3Ddd389Cc1E1d165CC4BAfe5,19170605,30000000
203,21136499,-12.0,146,0x4838B106FCe9647Bdf1E7877BF73cE8B0BAD5f97,12229676,30000000
204,21136498,-12.0,179,0x95222290DD7278Aa3Ddd389Cc1E1d165CC4BAfe5,15631560,30000000
205,21136497,-12.0,280,0x4838B106FCe9647Bdf1E7877BF73cE8B0BAD5f97,23001224,30000000
206,21136496,-12.0,75,0x7e2a2FA2a064F693f0a55C5639476d913Ff12D05,4544711,30000000
207,21136495,-12.0,198,0x4838B106FCe9647Bdf1E7877BF73cE8B0BAD5f97,15529769,30000000
208,21136494,-12.0,264,0x4838B106FCe9647Bdf1E7877BF73cE8B0BAD5f97,19575791,30000000
209,21136493,-12.0,201,0xdf99A0839818B3f120EBAC9B73f82B617Dc6A555,27257878,30000000
210,21136492,-12.0,150,0x4838B106FCe9647Bdf1E7877BF73cE8B0BAD5f97,12066427,30000000
211,21136491,-12.0,268,0x95222290DD7278Aa3Ddd389Cc1E1d165CC4BAfe5,24457119,30000000
212,21136490,-12.0,177,0xe43Cc5b6FF052f5Aa931A4F9eF2bfA0C500014CA,11069898,30000000
213,21136489,-24.0,189,0x4838B106FCe9647Bdf1E7877BF73cE8B0BAD5f97,17951586,30000000
214,21136488,-12.0,175,0x95222290DD7278Aa3Ddd389Cc1E1d165CC4BAfe5,14203633,30000000
215,21136487,-12.0,162,0x4838B106FCe9647Bdf1E7877BF73cE8B0BAD5f97,12415747,30000000
216,21136486,-12.0,160,0x95222290DD7278Aa3Ddd389Cc1E1d165CC4BAfe5,14247466,30000000
217,21136485,-12.0,159,0x95222290DD7278Aa3Ddd389Cc1E1d165CC4BAfe5,13150522,30000000
218,21136484,-12.0,290,0x95222290DD7278Aa3Ddd389Cc1E1d165CC4BAfe5,25343294,30000000
219,21136483,-12.0,158,0x4838B106FCe9647Bdf1E7877BF73cE8B0BAD5f97,14577619,30000000
220,21136482,-12.0,197,0xdf99A0839818B3f120EBAC9B73f82B617Dc6A555,19138974,30000000
221,21136481,-12.0,145,0x4838B106FCe9647Bdf1E7877BF73cE8B0BAD5f97,11437223,30000000
222,21136480,-12.0,129,0x4838B106FCe9647Bdf1E7877BF73cE8B0BAD5f97,11249341,30000000
223,21136479,-12.0,247,0x95222290DD7278Aa3Ddd389Cc1E1d165CC4BAfe5,21158210,30000000
224,21136478,-12.0,143,0x95222290DD7278Aa3Ddd389Cc1E1d165CC4BAfe5,11594556,30000000
225,21136477,-12.0,237,0x95222290DD7278Aa3Ddd389Cc1E1d165CC4BAfe5,20423186,30000000
226,21136476,-12.0,137,0x1f9090aaE28b8a3dCeaDf281B0F12828e676c326,10495460,30000000
227,21136475,-12.0,130,0x95222290DD7278Aa3Ddd389Cc1E1d165CC4BAfe5,11891259,30000000
228,21136474,-12.0,161,0x95222290DD7278Aa3Ddd389Cc1E1d165CC4BAfe5,16249835,30000000
229,21136473,-12.0,184,0x95222290DD7278Aa3Ddd389Cc1E1d165CC4BAfe5,15481046,30000000
230,21136472,-12.0,255,0x95222290DD7278Aa3Ddd389Cc1E1d165CC4BAfe5,21343948,30000000
231,21136471,-12.0,155,0x1f9090aaE28b8a3dCeaDf281B0F12828e676c326,14758238,30000000
232,21136470,-12.0,142,0x4838B106FCe9647Bdf1E7877BF73cE8B0BAD5f97,12640216,30000000
233,21136469,-12.0,266,0x4838B106FCe9647Bdf1E7877BF73cE8B0BAD5f97,25910976,30000000
234,21136468,-12.0,97,0x388C818CA8B9251b393131C08a736A67ccB19297,5180452,30000000
235,21136467,-12.0,257,0x4838B106FCe9647Bdf1E7877BF73cE8B0BAD5f97,19219616,30000000
236,21136466,-12.0,175,0x4838B106FCe9647Bdf1E7877BF73cE8B0BAD5f97,15747762,30000000
237,21136465,-12.0,215,0x95222290DD7278Aa3Ddd389Cc1E1d165CC4BAfe5,18096565,30000000
238,21136464,-12.0,162,0x388C818CA8B9251b393131C08a736A67ccB19297,14816679,30000000
239,21136463,-24.0,234,0x4838B106FCe9647Bdf1E7877BF73cE8B0BAD5f97,17360085,30000000
240,21136462,-12.0,92,0x388C818CA8B9251b393131C08a736A67ccB19297,6171029,30000000
241,21136461,-12.0,222,0x95222290DD7278Aa3Ddd389Cc1E1d165CC4BAfe5,18490760,30000000
242,21136460,-12.0,160,0x4838B106FCe9647Bdf1E7877BF73cE8B0BAD5f97,19257708,30000000
243,21136459,-12.0,202,0x95222290DD7278Aa3Ddd389Cc1E1d165CC4BAfe5,16698354,30000000
244,21136458,-12.0,112,0x4838B106FCe9647Bdf1E7877BF73cE8B0BAD5f97,8703277,30000000
245,21136457,-12.0,271,0x4838B106FCe9647Bdf1E7877BF73cE8B0BAD5f97,22252682,30000000
246,21136456,-12.0,64,0x388C818CA8B9251b393131C08a736A67ccB19297,3248259,30000000
247,21136455,-12.0,176,0x95222290DD7278Aa3Ddd389Cc1E1d165CC4BAfe5,15741445,30000000
248,21136454,-12.0,244,0x95222290DD7278Aa3Ddd389Cc1E1d165CC4BAfe5,28753760,30000000
249,21136453,-12.0,79,0xf9900ac5e6E618fc3a5463dC569C97db4F057D3A,4617049,30000000
250,21136452,-12.0,173,0x95222290DD7278Aa3Ddd389Cc1E1d165CC4BAfe5,13586798,30000000
251,21136451,-12.0,197,0x95222290DD7278Aa3Ddd389Cc1E1d165CC4BAfe5,17798927,30000000
252,21136450,-12.0,152,0x4838B106FCe9647Bdf1E7877BF73cE8B0BAD5f97,12448378,30000000
253,21136449,-12.0,157,0x95222290DD7278Aa3Ddd389Cc1E1d165CC4BAfe5,13739678,30000000
254,21136448,-12.0,212,0x95222290DD7278Aa3Ddd389Cc1E1d165CC4BAfe5,19763666,30000000
255,21136447,-12.0,127,0x4838B106FCe9647Bdf1E7877BF73cE8B0BAD5f97,10507488,30000000
256,21136446,-12.0,140,0x95222290DD7278Aa3Ddd389Cc1E1d165CC4BAfe5,12622788,30000000
257,21136445,-12.0,211,0x95222290DD7278Aa3Ddd389Cc1E1d165CC4BAfe5,15980941,30000000
258,21136444,-12.0,148,0x4838B106FCe9647Bdf1E7877BF73cE8B0BAD5f97,13599059,30000000
259,21136443,-12.0,164,0x95222290DD7278Aa3Ddd389Cc1E1d165CC4BAfe5,13163068,30000000
260,21136442,-12.0,201,0x4838B106FCe9647Bdf1E7877BF73cE8B0BAD5f97,17291681,30000000
261,21136441,-12.0,224,0x95222290DD7278Aa3Ddd389Cc1E1d165CC4BAfe5,17652820,30000000
262,21136440,-24.0,202,0x95222290DD7278Aa3Ddd389Cc1E1d165CC4BAfe5,20582437,30000000
263,21136439,-12.0,231,0x4838B106FCe9647Bdf1E7877BF73cE8B0BAD5f97,20354350,30000000
264,21136438,-12.0,149,0x95222290DD7278Aa3Ddd389Cc1E1d165CC4BAfe5,11360042,30000000
265,21136437,-12.0,121,0x4838B106FCe9647Bdf1E7877BF73cE8B0BAD5f97,9034279,30000000
266,21136436,-12.0,213,0x4838B106FCe9647Bdf1E7877BF73cE8B0BAD5f97,18721671,30000000
267,21136435,-12.0,194,0x95222290DD7278Aa3Ddd389Cc1E1d165CC4BAfe5,15841963,30000000
268,21136434,-12.0,150,0x4838B106FCe9647Bdf1E7877BF73cE8B0BAD5f97,13230797,30000000
269,21136433,-12.0,157,0x4838B106FCe9647Bdf1E7877BF73cE8B0BAD5f97,14037671,30000000
270,21136432,-12.0,192,0x95222290DD7278Aa3Ddd389Cc1E1d165CC4BAfe5,19287030,30000000
271,21136431,-12.0,164,0x4838B106FCe9647Bdf1E7877BF73cE8B0BAD5f97,13902957,30000000
272,21136430,-12.0,163,0x95222290DD7278Aa3Ddd389Cc1E1d165CC4BAfe5,15146387,30000000
273,21136429,-12.0,214,0x95222290DD7278Aa3Ddd389Cc1E1d165CC4BAfe5,18531285,30000000
274,21136428,-12.0,142,0x4838B106FCe9647Bdf1E7877BF73cE8B0BAD5f97,9115560,30000000
275,21136427,-12.0,151,0x95222290DD7278Aa3Ddd389Cc1E1d165CC4BAfe5,12721144,30000000
276,21136426,-12.0,181,0x95222290DD7278Aa3Ddd389Cc1E1d165CC4BAfe5,13563530,30000000
277,21136425,-12.0,200,0x95222290DD7278Aa3Ddd389Cc1E1d165CC4BAfe5,26019061,30000000
278,21136424,-12.0,172,0x4838B106FCe9647Bdf1E7877BF73cE8B0BAD5f97,14977734,30000000
279,21136423,-12.0,242,0x4838B106FCe9647Bdf1E7877BF73cE8B0BAD5f97,20444731,30000000
280,21136422,-12.0,137,0x4838B106FCe9647Bdf1E7877BF73cE8B0BAD5f97,10941272,30000000
281,21136421,-12.0,122,0x4838B106FCe9647Bdf1E7877BF73cE8B0BAD5f97,11459385,30000000
282,21136420,-12.0,263,0x95222290DD7278Aa3Ddd389Cc1E1d165CC4BAfe5,28027472,30000000
283,21136419,-12.0,132,0x4838B106FCe9647Bdf1E7877BF73cE8B0BAD5f97,11935640,30000000
284,21136418,-12.0,185,0x4838B106FCe9647Bdf1E7877BF73cE8B0BAD5f97,18847968,30000000
285,21136417,-12.0,165,0x1f9090aaE28b8a3dCeaDf281B0F12828e676c326,10367194,30000000
286,21136416,-12.0,201,0x4838B106FCe9647Bdf1E7877BF73cE8B0BAD5f97,20203866,30000000
287,21136415,-12.0,132,0x4838B106FCe9647Bdf1E7877BF73cE8B0BAD5f97,10524499,30000000
288,21136414,-12.0,159,0x4838B106FCe9647Bdf1E7877BF73cE8B0BAD5f97,16134814,30000000
289,21136413,-12.0,126,0x4838B106FCe9647Bdf1E7877BF73cE8B0BAD5f97,12600770,30000000
290,21136412,-12.0,167,0x4838B106FCe9647Bdf1E7877BF73cE8B0BAD5f97,16483715,30000000
291,21136411,-12.0,209,0x4838B106FCe9647Bdf1E7877BF73cE8B0BAD5f97,14285013,30000000
292,21136410,-12.0,171,0x4838B106FCe9647Bdf1E7877BF73cE8B0BAD5f97,12868010,30000000
293,21136409,-12.0,177,0x95222290DD7278Aa3Ddd389Cc1E1d165CC4BAfe5,13180402,30000000
294,21136408,-12.0,165,0x95222290DD7278Aa3Ddd389Cc1E1d165CC4BAfe5,13427971,30000000
295,21136407,-12.0,149,0x95222290DD7278Aa3Ddd389Cc1E1d165CC4BAfe5,12542150,30000000
296,21136406,-12.0,232,0x4838B106FCe9647Bdf1E7877BF73cE8B0BAD5f97,27772177,30000000
297,21136405,-12.0,123,0x95222290DD7278Aa3Ddd389Cc1E1d165CC4BAfe5,10409186,30000000
298,21136404,-12.0,303,0x95222290DD7278Aa3Ddd389Cc1E1d165CC4BAfe5,26496177,30000000
299,21136403,-12.0,222,0x95222290DD7278Aa3Ddd389Cc1E1d165CC4BAfe5,19902291,30000000
300,21136402,-12.0,189,0x43694Fec293BBa42B44afE047DAFB9135183A521,19390885,30000000
301,21136401,-12.0,99,0xe688b84b23f322a994A53dbF8E15FA82CDB71127,6554501,30000000
302,21136400,-12.0,164,0x4838B106FCe9647Bdf1E7877BF73cE8B0BAD5f97,10074279,30000000
303,21136399,-12.0,207,0x95222290DD7278Aa3Ddd389Cc1E1d165CC4BAfe5,20711605,30000000
304,21136398,-12.0,185,0x4838B106FCe9647Bdf1E7877BF73cE8B0BAD5f97,13513208,30000000
305,21136397,-12.0,247,0x95222290DD7278Aa3Ddd389Cc1E1d165CC4BAfe5,19015256,30000000
306,21136396,-12.0,174,0x4838B106FCe9647Bdf1E7877BF73cE8B0BAD5f97,14353306,30000000
307,21136395,-12.0,197,0x4838B106FCe9647Bdf1E7877BF73cE8B0BAD5f97,20293874,30000000
308,21136394,-12.0,199,0x95222290DD7278Aa3Ddd389Cc1E1d165CC4BAfe5,20310444,30000000
309,21136393,-12.0,84,0xbd3Afb0bB76683eCb4225F9DBc91f998713C3b01,7497117,30000000
310,21136392,-12.0,263,0x95222290DD7278Aa3Ddd389Cc1E1d165CC4BAfe5,21826890,30000000
311,21136391,-12.0,155,0x4838B106FCe9647Bdf1E7877BF73cE8B0BAD5f97,12394735,30000000
312,21136390,-12.0,96,0xcB69ef8e89d78bbFB592ebeAd2DDEA1D2A07b2Fc,4863288,30000000
313,21136389,-12.0,370,0x4838B106FCe9647Bdf1E7877BF73cE8B0BAD5f97,28840069,30000000
314,21136388,-12.0,134,0x9f4Cf329f4cF376B7ADED854D6054859dd102a2A,7233556,30000000
315,21136387,-12.0,118,0x95222290DD7278Aa3Ddd389Cc1E1d165CC4BAfe5,8455649,30000000
316,21136386,-12.0,191,0x95222290DD7278Aa3Ddd389Cc1E1d165CC4BAfe5,15238327,30000000
317,21136385,-12.0,183,0x95222290DD7278Aa3Ddd389Cc1E1d165CC4BAfe5,14578991,30000000
318,21136384,-12.0,144,0x95222290DD7278Aa3Ddd389Cc1E1d165CC4BAfe5,11367618,30000000
319,21136383,-12.0,224,0x95222290DD7278Aa3Ddd389Cc1E1d165CC4BAfe5,20245732,30000000
320,21136382,-12.0,223,0x4838B106FCe9647Bdf1E7877BF73cE8B0BAD5f97,24384004,30000000
321,21136381,-12.0,116,0xe43Cc5b6FF052f5Aa931A4F9eF2bfA0C500014CA,8523454,30000000
322,21136380,-12.0,110,0x95222290DD7278Aa3Ddd389Cc1E1d165CC4BAfe5,11635874,30000000
323,21136379,-12.0,207,0x95222290DD7278Aa3Ddd389Cc1E1d165CC4BAfe5,21194063,30000000
324,21136378,-12.0,206,0x4838B106FCe9647Bdf1E7877BF73cE8B0BAD5f97,15428061,30000000
325,21136377,-12.0,123,0x4838B106FCe9647Bdf1E7877BF73cE8B0BAD5f97,10206955,30000000
326,21136376,-12.0,177,0x95222290DD7278Aa3Ddd389Cc1E1d165CC4BAfe5,15330246,30000000
327,21136375,-12.0,148,0x95222290DD7278Aa3Ddd389Cc1E1d165CC4BAfe5,10994737,30000000
328,21136374,-12.0,137,0x95222290DD7278Aa3Ddd389Cc1E1d165CC4BAfe5,13032139,30000000
329,21136373,-12.0,145,0x4838B106FCe9647Bdf1E7877BF73cE8B0BAD5f97,12209208,30000000
330,21136372,-12.0,163,0x4838B106FCe9647Bdf1E7877BF73cE8B0BAD5f97,22237240,30000000
331,21136371,-12.0,197,0x95222290DD7278Aa3Ddd389Cc1E1d165CC4BAfe5,15093372,30000000
332,21136370,-12.0,226,0x95222290DD7278Aa3Ddd389Cc1E1d165CC4BAfe5,21169311,30000000
333,21136369,-12.0,89,0x388C818CA8B9251b393131C08a736A67ccB19297,5493396,30000000
334,21136368,-12.0,181,0x95222290DD7278Aa3Ddd389Cc1E1d165CC4BAfe5,16335042,30000000
335,21136367,-12.0,178,0x4838B106FCe9647Bdf1E7877BF73cE8B0BAD5f97,20395607,30000000
336,21136366,-12.0,160,0x4838B106FCe9647Bdf1E7877BF73cE8B0BAD5f97,11753110,30000000
337,21136365,-12.0,144,0x95222290DD7278Aa3Ddd389Cc1E1d165CC4BAfe5,12461280,30000000
338,21136364,-12.0,206,0x4838B106FCe9647Bdf1E7877BF73cE8B0BAD5f97,19896495,30000000
339,21136363,-12.0,171,0xdf99A0839818B3f120EBAC9B73f82B617Dc6A555,15483843,30000000
340,21136362,-12.0,99,0x95222290DD7278Aa3Ddd389Cc1E1d165CC4BAfe5,9469496,30000000
341,21136361,-12.0,245,0x95222290DD7278Aa3Ddd389Cc1E1d165CC4BAfe5,22269436,30000000
342,21136360,-12.0,204,0x4838B106FCe9647Bdf1E7877BF73cE8B0BAD5f97,16199324,30000000
343,21136359,-12.0,146,0x690B9A9E9aa1C9dB991C7721a92d351Db4FaC990,9025107,30000000
344,21136358,-12.0,189,0x4838B106FCe9647Bdf1E7877BF73cE8B0BAD5f97,12733220,30000000
345,21136357,-12.0,184,0x4838B106FCe9647Bdf1E7877BF73cE8B0BAD5f97,13923292,30000000
346,21136356,-12.0,156,0x95222290DD7278Aa3Ddd389Cc1E1d165CC4BAfe5,12718826,30000000
347,21136355,-12.0,205,0x4838B106FCe9647Bdf1E7877BF73cE8B0BAD5f97,19367709,30000000
348,21136354,-12.0,170,0x95222290DD7278Aa3Ddd389Cc1E1d165CC4BAfe5,15986322,30000000
349,21136353,-12.0,241,0x95222290DD7278Aa3Ddd389Cc1E1d165CC4BAfe5,24504527,30000000
350,21136352,-12.0,102,0x313C8306EF0b5317f822805eb69c6Dd8fC091A38,8319404,30000000
351,21136351,-12.0,212,0x4838B106FCe9647Bdf1E7877BF73cE8B0BAD5f97,29990518,30000000
352,21136350,-12.0,78,0x388C818CA8B9251b393131C08a736A67ccB19297,5753029,30000000
353,21136349,-12.0,138,0x4838B106FCe9647Bdf1E7877BF73cE8B0BAD5f97,11536412,30000000
354,21136348,-12.0,247,0x95222290DD7278Aa3Ddd389Cc1E1d165CC4BAfe5,23033791,30000000
355,21136347,-12.0,101,0x88c6C46EBf353A52Bdbab708c23D0c81dAA8134A,15610786,30000000
356,21136346,-12.0,139,0xdf99A0839818B3f120EBAC9B73f82B617Dc6A555,10833816,30000000
357,21136345,-12.0,163,0x95222290DD7278Aa3Ddd389Cc1E1d165CC4BAfe5,13938267,30000000
358,21136344,-12.0,183,0x95222290DD7278Aa3Ddd389Cc1E1d165CC4BAfe5,17079897,30000000
359,21136343,-12.0,181,0x95222290DD7278Aa3Ddd389Cc1E1d165CC4BAfe5,17169298,30000000
360,21136342,-12.0,104,0x4838B106FCe9647Bdf1E7877BF73cE8B0BAD5f97,8041329,30000000
361,21136341,-12.0,190,0x95222290DD7278Aa3Ddd389Cc1E1d165CC4BAfe5,16531029,30000000
362,21136340,-12.0,165,0x95222290DD7278Aa3Ddd389Cc1E1d165CC4BAfe5,16980513,30000000
363,21136339,-12.0,151,0x95222290DD7278Aa3Ddd389Cc1E1d165CC4BAfe5,13735666,30000000
364,21136338,-12.0,224,0x4838B106FCe9647Bdf1E7877BF73cE8B0BAD5f97,17251360,30000000
365,21136337,-12.0,145,0x4838B106FCe9647Bdf1E7877BF73cE8B0BAD5f97,11725771,30000000
366,21136336,-12.0,171,0x95222290DD7278Aa3Ddd389Cc1E1d165CC4BAfe5,16030802,30000000
367,21136335,-12.0,169,0x95222290DD7278Aa3Ddd389Cc1E1d165CC4BAfe5,15794634,30000000
368,21136334,-12.0,241,0x4838B106FCe9647Bdf1E7877BF73cE8B0BAD5f97,24992808,30000000
369,21136333,-12.0,165,0x95222290DD7278Aa3Ddd389Cc1E1d165CC4BAfe5,12684062,30000000
370,21136332,-12.0,194,0x95222290DD7278Aa3Ddd389Cc1E1d165CC4BAfe5,18126899,30000000
371,21136331,-12.0,178,0x4838B106FCe9647Bdf1E7877BF73cE8B0BAD5f97,16244931,30000000
372,21136330,-12.0,165,0x95222290DD7278Aa3Ddd389Cc1E1d165CC4BAfe5,16698065,30000000
373,21136329,-12.0,161,0x4838B106FCe9647Bdf1E7877BF73cE8B0BAD5f97,12898182,30000000
374,21136328,-12.0,189,0x95222290DD7278Aa3Ddd389Cc1E1d165CC4BAfe5,16939777,30000000
375,21136327,-12.0,146,0x95222290DD7278Aa3Ddd389Cc1E1d165CC4BAfe5,11540458,30000000
376,21136326,-12.0,230,0x95222290DD7278Aa3Ddd389Cc1E1d165CC4BAfe5,20018188,30000000
377,21136325,-12.0,245,0x4838B106FCe9647Bdf1E7877BF73cE8B0BAD5f97,16012381,30000000
378,21136324,-12.0,32,0x95222290DD7278Aa3Ddd389Cc1E1d165CC4BAfe5,5593879,30000000
379,21136323,-12.0,307,0x4838B106FCe9647Bdf1E7877BF73cE8B0BAD5f97,27254346,30000000
380,21136322,-12.0,191,0x95222290DD7278Aa3Ddd389Cc1E1d165CC4BAfe5,14902006,30000000
381,21136321,-12.0,184,0x95222290DD7278Aa3Ddd389Cc1E1d165CC4BAfe5,16119741,30000000
382,21136320,-12.0,201,0x4838B106FCe9647Bdf1E7877BF73cE8B0BAD5f97,17541738,30000000
383,21136319,-12.0,165,0x95222290DD7278Aa3Ddd389Cc1E1d165CC4BAfe5,12946331,30000000
384,21136318,-12.0,200,0x95222290DD7278Aa3Ddd389Cc1E1d165CC4BAfe5,16324948,30000000
385,21136317,-12.0,124,0x4838B106FCe9647Bdf1E7877BF73cE8B0BAD5f97,10761497,30000000
386,21136316,-12.0,224,0x4838B106FCe9647Bdf1E7877BF73cE8B0BAD5f97,15506432,30000000
387,21136315,-12.0,138,0x4838B106FCe9647Bdf1E7877BF73cE8B0BAD5f97,11713471,30000000
388,21136314,-12.0,247,0x95222290DD7278Aa3Ddd389Cc1E1d165CC4BAfe5,19857727,30000000
389,21136313,-12.0,45,0x95222290DD7278Aa3Ddd389Cc1E1d165CC4BAfe5,8016011,30000000
390,21136312,-12.0,149,0x95222290DD7278Aa3Ddd389Cc1E1d165CC4BAfe5,11877713,30000000
391,21136311,-12.0,281,0x95222290DD7278Aa3Ddd389Cc1E1d165CC4BAfe5,24076233,30000000
392,21136310,-12.0,164,0x4838B106FCe9647Bdf1E7877BF73cE8B0BAD5f97,13744331,30000000
393,21136309,-12.0,187,0x4838B106FCe9647Bdf1E7877BF73cE8B0BAD5f97,14649324,30000000
394,21136308,-12.0,180,0x95222290DD7278Aa3Ddd389Cc1E1d165CC4BAfe5,13187876,30000000
395,21136307,-12.0,270,0x95222290DD7278Aa3Ddd389Cc1E1d165CC4BAfe5,29991585,30000000
396,21136306,-12.0,108,0xC787c9E802BFC901672397b3c81dCDAcBf093442,6876619,30000000
397,21136305,-12.0,246,0x95222290DD7278Aa3Ddd389Cc1E1d165CC4BAfe5,20508147,30000000
398,21136304,-12.0,148,0x95222290DD7278Aa3Ddd389Cc1E1d165CC4BAfe5,13095921,30000000
399,21136303,-12.0,155,0x95222290DD7278Aa3Ddd389Cc1E1d165CC4BAfe5,12687038,30000000
400,21136302,-12.0,149,0x95222290DD7278Aa3Ddd389Cc1E1d165CC4BAfe5,11219320,30000000
401,21136301,-12.0,163,0x95222290DD7278Aa3Ddd389Cc1E1d165CC4BAfe5,13420127,30000000
402,21136300,-12.0,185,0x4838B106FCe9647Bdf1E7877BF73cE8B0BAD5f97,20484073,30000000
403,21136299,-12.0,246,0x95222290DD7278Aa3Ddd389Cc1E1d165CC4BAfe5,24578044,30000000
404,21136298,-12.0,152,0xa3A5Ef800b47D503E61EE7f0bAF7Ee80BCC5fbFb,9963831,30000000
405,21136297,-12.0,127,0x4838B106FCe9647Bdf1E7877BF73cE8B0BAD5f97,11450321,30000000
406,21136296,-12.0,176,0x95222290DD7278Aa3Ddd389Cc1E1d165CC4BAfe5,14515498,30000000
407,21136295,-12.0,180,0x95222290DD7278Aa3Ddd389Cc1E1d165CC4BAfe5,15939207,30000000
408,21136294,-12.0,156,0x95222290DD7278Aa3Ddd389Cc1E1d165CC4BAfe5,13232166,30000000
409,21136293,-12.0,181,0x95222290DD7278Aa3Ddd389Cc1E1d165CC4BAfe5,14597991,30000000
410,21136292,-12.0,184,0x95222290DD7278Aa3Ddd389Cc1E1d165CC4BAfe5,16613322,30000000
411,21136291,-12.0,210,0x4838B106FCe9647Bdf1E7877BF73cE8B0BAD5f97,15806394,30000000
412,21136290,-12.0,133,0x388C818CA8B9251b393131C08a736A67ccB19297,10069077,30000000
413,21136289,-12.0,223,0x95222290DD7278Aa3Ddd389Cc1E1d165CC4BAfe5,29376200,30000000
414,21136288,-12.0,99,0xB59d3ac4aBd150B110C808C36008257fBc827a62,8411716,30000000
415,21136287,-12.0,145,0x4838B106FCe9647Bdf1E7877BF73cE8B0BAD5f97,10474516,30000000
416,21136286,-12.0,177,0x95222290DD7278Aa3Ddd389Cc1E1d165CC4BAfe5,14451184,30000000
417,21136285,-12.0,169,0x95222290DD7278Aa3Ddd389Cc1E1d165CC4BAfe5,15166967,30000000
418,21136284,-12.0,185,0x95222290DD7278Aa3Ddd389Cc1E1d165CC4BAfe5,17904029,30000000
419,21136283,-12.0,214,0x95222290DD7278Aa3Ddd389Cc1E1d165CC4BAfe5,18052396,30000000
420,21136282,-12.0,203,0x4838B106FCe9647Bdf1E7877BF73cE8B0BAD5f97,16161270,30000000
421,21136281,-12.0,198,0x95222290DD7278Aa3Ddd389Cc1E1d165CC4BAfe5,19079384,30000000
422,21136280,-12.0,121,0x95222290DD7278Aa3Ddd389Cc1E1d165CC4BAfe5,10053875,30000000
423,21136279,-12.0,278,0x4838B106FCe9647Bdf1E7877BF73cE8B0BAD5f97,28127925,30000000
424,21136278,-12.0,101,0x4231B2f83CB7C833Db84ceC0cEAAa9959f051374,5838311,30029295
425,21136277,-12.0,174,0x95222290DD7278Aa3Ddd389Cc1E1d165CC4BAfe5,13948983,30000000
426,21136276,-12.0,166,0x95222290DD7278Aa3Ddd389Cc1E1d165CC4BAfe5,14026434,30000000
427,21136275,-12.0,146,0x4838B106FCe9647Bdf1E7877BF73cE8B0BAD5f97,12574596,30000000
428,21136274,-12.0,160,0x95222290DD7278Aa3Ddd389Cc1E1d165CC4BAfe5,14740053,30000000
429,21136273,-12.0,132,0x95222290DD7278Aa3Ddd389Cc1E1d165CC4BAfe5,10147270,30000000
430,21136272,-12.0,154,0x4838B106FCe9647Bdf1E7877BF73cE8B0BAD5f97,18903039,30000000
431,21136271,-12.0,236,0x95222290DD7278Aa3Ddd389Cc1E1d165CC4BAfe5,21571188,30000000
432,21136270,-12.0,131,0x4838B106FCe9647Bdf1E7877BF73cE8B0BAD5f97,11174209,30000000
433,21136269,-12.0,196,0x95222290DD7278Aa3Ddd389Cc1E1d165CC4BAfe5,17666971,30000000
434,21136268,-12.0,166,0x95222290DD7278Aa3Ddd389Cc1E1d165CC4BAfe5,14839841,30000000
435,21136267,-12.0,225,0x95222290DD7278Aa3Ddd389Cc1E1d165CC4BAfe5,19540610,30000000
436,21136266,-12.0,131,0x4838B106FCe9647Bdf1E7877BF73cE8B0BAD5f97,12520557,30000000
437,21136265,-12.0,156,0x95222290DD7278Aa3Ddd389Cc1E1d165CC4BAfe5,11337907,30000000
438,21136264,-12.0,237,0x4838B106FCe9647Bdf1E7877BF73cE8B0BAD5f97,17552675,30000000
439,21136263,-12.0,160,0x95222290DD7278Aa3Ddd389Cc1E1d165CC4BAfe5,12554921,30000000
440,21136262,-12.0,117,0x95222290DD7278Aa3Ddd389Cc1E1d165CC4BAfe5,8831628,30000000
441,21136261,-12.0,273,0x95222290DD7278Aa3Ddd389Cc1E1d165CC4BAfe5,20874861,30000000
442,21136260,-12.0,110,0x95222290DD7278Aa3Ddd389Cc1E1d165CC4BAfe5,9981201,30029295
443,21136259,-12.0,247,0x95222290DD7278Aa3Ddd389Cc1E1d165CC4BAfe5,19148328,30000000
444,21136258,-12.0,149,0x95222290DD7278Aa3Ddd389Cc1E1d165CC4BAfe5,11084611,30000000
445,21136257,-12.0,149,0x4838B106FCe9647Bdf1E7877BF73cE8B0BAD5f97,13594687,30000000
446,21136256,-12.0,180,0x95222290DD7278Aa3Ddd389Cc1E1d165CC4BAfe5,17307021,30000000
447,21136255,-12.0,195,0x95222290DD7278Aa3Ddd389Cc1E1d165CC4BAfe5,11864460,30000000
448,21136254,-12.0,160,0x95222290DD7278Aa3Ddd389Cc1E1d165CC4BAfe5,16717770,30000000
449,21136253,-12.0,190,0x95222290DD7278Aa3Ddd389Cc1E1d165CC4BAfe5,16403807,30000000
450,21136252,-12.0,139,0x95222290DD7278Aa3Ddd389Cc1E1d165CC4BAfe5,12462350,30000000
451,21136251,-12.0,164,0x95222290DD7278Aa3Ddd389Cc1E1d165CC4BAfe5,14371245,30000000
452,21136250,-12.0,162,0x95222290DD7278Aa3Ddd389Cc1E1d165CC4BAfe5,14021347,30000000
453,21136249,-12.0,140,0x95222290DD7278Aa3Ddd389Cc1E1d165CC4BAfe5,11204713,30000000
454,21136248,-12.0,276,0x95222290DD7278Aa3Ddd389Cc1E1d165CC4BAfe5,22569495,30000000
455,21136247,-12.0,127,0x95222290DD7278Aa3Ddd389Cc1E1d165CC4BAfe5,9615213,30000000
456,21136246,-12.0,135,0x4838B106FCe9647Bdf1E7877BF73cE8B0BAD5f97,10449328,30000000
457,21136245,-12.0,266,0x95222290DD7278Aa3Ddd389Cc1E1d165CC4BAfe5,26455158,30000000
458,21136244,-12.0,205,0x4838B106FCe9647Bdf1E7877BF73cE8B0BAD5f97,13490672,30000000
459,21136243,-12.0,243,0x4838B106FCe9647Bdf1E7877BF73cE8B0BAD5f97,15896431,30000000
460,21136242,-12.0,201,0x95222290DD7278Aa3Ddd389Cc1E1d165CC4BAfe5,12911640,30000000
461,21136241,-12.0,189,0x95222290DD7278Aa3Ddd389Cc1E1d165CC4BAfe5,16619576,30000000
462,21136240,-12.0,176,0x4838B106FCe9647Bdf1E7877BF73cE8B0BAD5f97,12675359,30000000
463,21136239,-12.0,185,0x4838B106FCe9647Bdf1E7877BF73cE8B0BAD5f97,13670338,30000000
464,21136238,-12.0,308,0x95222290DD7278Aa3Ddd389Cc1E1d165CC4BAfe5,29682882,30000000
465,21136237,-12.0,82,0x758A4A45dd08D826FC3f2436ce3FA263fB1A4F42,5671486,30000000
466,21136236,-12.0,375,0x1f9090aaE28b8a3dCeaDf281B0F12828e676c326,27370652,30000000
467,21136235,-12.0,10,0xD87f3d6c5624E8B02bE13c2C92f8511B88B94d96,2921410,30000000
468,21136234,-12.0,194,0xdf99A0839818B3f120EBAC9B73f82B617Dc6A555,12109289,30000000
469,21136233,-12.0,185,0x95222290DD7278Aa3Ddd389Cc1E1d165CC4BAfe5,14416755,30000000
470,21136232,-12.0,178,0x95222290DD7278Aa3Ddd389Cc1E1d165CC4BAfe5,12829034,30000000
471,21136231,-12.0,351,0x4838B106FCe9647Bdf1E7877BF73cE8B0BAD5f97,28536789,30000000
472,21136230,-12.0,90,0x388C818CA8B9251b393131C08a736A67ccB19297,5871594,30000000
473,21136229,-12.0,112,0x4838B106FCe9647Bdf1E7877BF73cE8B0BAD5f97,9568767,30000000
474,21136228,-12.0,199,0x95222290DD7278Aa3Ddd389Cc1E1d165CC4BAfe5,17364839,30000000
475,21136227,-12.0,297,0x95222290DD7278Aa3Ddd389Cc1E1d165CC4BAfe5,28179134,30000000
476,21136226,-12.0,93,0x24d6C74D811cfDe65995Ed26FD08Af445f8aaB06,8036983,30000000
477,21136225,-12.0,150,0x95222290DD7278Aa3Ddd389Cc1E1d165CC4BAfe5,14941998,30000000
478,21136224,-12.0,187,0x95222290DD7278Aa3Ddd389Cc1E1d165CC4BAfe5,16813888,30000000
479,21136223,-12.0,128,0x4838B106FCe9647Bdf1E7877BF73cE8B0BAD5f97,9712493,30000000
480,21136222,-12.0,180,0x95222290DD7278Aa3Ddd389Cc1E1d165CC4BAfe5,13928660,30000000
481,21136221,-12.0,255,0x4838B106FCe9647Bdf1E7877BF73cE8B0BAD5f97,13681997,30000000
482,21136220,-12.0,127,0x95222290DD7278Aa3Ddd389Cc1E1d165CC4BAfe5,11073144,30000000
483,21136219,-12.0,255,0x95222290DD7278Aa3Ddd389Cc1E1d165CC4BAfe5,22156454,30000000
484,21136218,-12.0,183,0x4838B106FCe9647Bdf1E7877BF73cE8B0BAD5f97,13852278,30000000
485,21136217,-12.0,149,0x4838B106FCe9647Bdf1E7877BF73cE8B0BAD5f97,9874988,30000000
486,21136216,-12.0,256,0x4838B106FCe9647Bdf1E7877BF73cE8B0BAD5f97,18614524,30000000
487,21136215,-12.0,117,0x95222290DD7278Aa3Ddd389Cc1E1d165CC4BAfe5,9344755,30000000
488,21136214,-12.0,140,0x95222290DD7278Aa3Ddd389Cc1E1d165CC4BAfe5,10662747,30000000
489,21136213,-12.0,235,0x95222290DD7278Aa3Ddd389Cc1E1d165CC4BAfe5,20993157,30000000
490,21136212,-12.0,251,0x4838B106FCe9647Bdf1E7877BF73cE8B0BAD5f97,17047958,30000000
491,21136211,-12.0,200,0x95222290DD7278Aa3Ddd389Cc1E1d165CC4BAfe5,17288159,30000000
492,21136210,-12.0,94,0x388C818CA8B9251b393131C08a736A67ccB19297,4803830,30000000
493,21136209,-12.0,197,0x4838B106FCe9647Bdf1E7877BF73cE8B0BAD5f97,18893388,30000000
494,21136208,-12.0,154,0x95222290DD7278Aa3Ddd389Cc1E1d165CC4BAfe5,12959348,30000000
495,21136207,-12.0,153,0x4838B106FCe9647Bdf1E7877BF73cE8B0BAD5f97,13344687,30000000
496,21136206,-12.0,217,0x95222290DD7278Aa3Ddd389Cc1E1d165CC4BAfe5,20352779,30000000
497,21136205,-12.0,379,0x95222290DD7278Aa3Ddd389Cc1E1d165CC4BAfe5,29987465,30000000
498,21136204,-12.0,10,0x1f9090aaE28b8a3dCeaDf281B0F12828e676c326,1287367,30000000
499,21136203,-12.0,153,0x4838B106FCe9647Bdf1E7877BF73cE8B0BAD5f97,12577314,30000000
500,21136202,-12.0,203,0x95222290DD7278Aa3Ddd389Cc1E1d165CC4BAfe5,18746181,30000000
501,21136201,-12.0,194,0x1f9090aaE28b8a3dCeaDf281B0F12828e676c326,13661692,30000000
502,21136200,-12.0,155,0x95222290DD7278Aa3Ddd389Cc1E1d165CC4BAfe5,13516621,30000000
503,21136199,-12.0,290,0x4838B106FCe9647Bdf1E7877BF73cE8B0BAD5f97,18086294,30000000
504,21136198,-12.0,198,0x95222290DD7278Aa3Ddd389Cc1E1d165CC4BAfe5,19928958,30000000
505,21136197,-12.0,200,0x388C818CA8B9251b393131C08a736A67ccB19297,7677435,30000000
506,21136196,-12.0,160,0x95222290DD7278Aa3Ddd389Cc1E1d165CC4BAfe5,15305526,30000000
507,21136195,-12.0,129,0x95222290DD7278Aa3Ddd389Cc1E1d165CC4BAfe5,9621439,30000000
508,21136194,-12.0,177,0x4838B106FCe9647Bdf1E7877BF73cE8B0BAD5f97,13561867,30000000
509,21136193,-12.0,199,0x4838B106FCe9647Bdf1E7877BF73cE8B0BAD5f97,18114341,30000000
510,21136192,-12.0,173,0x95222290DD7278Aa3Ddd389Cc1E1d165CC4BAfe5,14405385,30000000
511,21136191,-12.0,151,0x4838B106FCe9647Bdf1E7877BF73cE8B0BAD5f97,11138819,30000000
512,21136190,-12.0,288,0x95222290DD7278Aa3Ddd389Cc1E1d165CC4BAfe5,20505509,30000000
513,21136189,-12.0,107,0x4838B106FCe9647Bdf1E7877BF73cE8B0BAD5f97,8914233,30000000
514,21136188,-12.0,260,0x95222290DD7278Aa3Ddd389Cc1E1d165CC4BAfe5,20665016,30000000
515,21136187,-12.0,136,0xdf99A0839818B3f120EBAC9B73f82B617Dc6A555,10831278,30000000
516,21136186,-12.0,128,0xB1300121C6BB661982cE181A663929F58F020E99,6249617,30000000
517,21136185,-12.0,416,0x95222290DD7278Aa3Ddd389Cc1E1d165CC4BAfe5,29170786,30000000
518,21136184,-12.0,241,0x4838B106FCe9647Bdf1E7877BF73cE8B0BAD5f97,19013676,30000000
519,21136183,-12.0,119,0x062Cc4a3d3D5310DDD35F2cA29Ae447Daaefa4b0,8248864,30000000
520,21136182,-12.0,149,0x95222290DD7278Aa3Ddd389Cc1E1d165CC4BAfe5,14994063,30000000
521,21136181,-12.0,223,0x4838B106FCe9647Bdf1E7877BF73cE8B0BAD5f97,17590511,30000000
522,21136180,-12.0,138,0x4838B106FCe9647Bdf1E7877BF73cE8B0BAD5f97,13704178,30000000
523,21136179,-12.0,290,0x95222290DD7278Aa3Ddd389Cc1E1d165CC4BAfe5,23537592,30000000
524,21136178,-12.0,102,0x24d6C74D811cfDe65995Ed26FD08Af445f8aaB06,6889391,30000000
525,21136177,-12.0,113,0x4838B106FCe9647Bdf1E7877BF73cE8B0BAD5f97,9954031,30000000
526,21136176,-12.0,204,0x95222290DD7278Aa3Ddd389Cc1E1d165CC4BAfe5,16817158,30000000
527,21136175,-12.0,184,0x95222290DD7278Aa3Ddd389Cc1E1d165CC4BAfe5,14682212,30000000
528,21136174,-12.0,145,0x95222290DD7278Aa3Ddd389Cc1E1d165CC4BAfe5,14399873,30000000
529,21136173,-12.0,110,0x4838B106FCe9647Bdf1E7877BF73cE8B0BAD5f97,9142757,30000000
530,21136172,-12.0,259,0x95222290DD7278Aa3Ddd389Cc1E1d165CC4BAfe5,29538827,30000000
531,21136171,-12.0,224,0x4838B106FCe9647Bdf1E7877BF73cE8B0BAD5f97,17491816,30000000
532,21136170,-12.0,107,0x4838B106FCe9647Bdf1E7877BF73cE8B0BAD5f97,8207256,30000000
533,21136169,-12.0,322,0x95222290DD7278Aa3Ddd389Cc1E1d165CC4BAfe5,25662395,30000000
534,21136168,-12.0,195,0xEdCb63f859905Be353D85D53041E9697Dbea5f81,10724934,30000000
535,21136167,-24.0,342,0x4838B106FCe9647Bdf1E7877BF73cE8B0BAD5f97,27993613,30000000
536,21136166,-12.0,83,0x7e2a2FA2a064F693f0a55C5639476d913Ff12D05,4873522,30000000
537,21136165,-12.0,256,0x4838B106FCe9647Bdf1E7877BF73cE8B0BAD5f97,20373491,30000000
538,21136164,-12.0,174,0x95222290DD7278Aa3Ddd389Cc1E1d165CC4BAfe5,12976400,30000000
539,21136163,-12.0,388,0x95222290DD7278Aa3Ddd389Cc1E1d165CC4BAfe5,21606088,30000000
540,21136162,-12.0,63,0x95222290DD7278Aa3Ddd389Cc1E1d165CC4BAfe5,9705028,30000000
541,21136161,-12.0,224,0x4838B106FCe9647Bdf1E7877BF73cE8B0BAD5f97,17283236,30000000
542,21136160,-12.0,231,0x4838B106FCe9647Bdf1E7877BF73cE8B0BAD5f97,15304912,30000000
543,21136159,-12.0,196,0xdf99A0839818B3f120EBAC9B73f82B617Dc6A555,11277467,30000000
544,21136158,-12.0,151,0x95222290DD7278Aa3Ddd389Cc1E1d165CC4BAfe5,11182022,30000000
545,21136157,-12.0,219,0x4838B106FCe9647Bdf1E7877BF73cE8B0BAD5f97,15700701,30000000
546,21136156,-12.0,198,0x95222290DD7278Aa3Ddd389Cc1E1d165CC4BAfe5,15055247,30000000
547,21136155,-12.0,222,0x95222290DD7278Aa3Ddd389Cc1E1d165CC4BAfe5,16308085,30000000
548,21136154,-12.0,390,0x4838B106FCe9647Bdf1E7877BF73cE8B0BAD5f97,27031222,30000000
549,21136153,-12.0,266,0x4838B106FCe9647Bdf1E7877BF73cE8B0BAD5f97,29974393,30000000
550,21136152,-12.0,37,0x95222290DD7278Aa3Ddd389Cc1E1d165CC4BAfe5,8534888,30000000
551,21136151,-12.0,148,0xdf99A0839818B3f120EBAC9B73f82B617Dc6A555,10908548,30000000
552,21136150,-12.0,129,0x95222290DD7278Aa3Ddd389Cc1E1d165CC4BAfe5,10487667,30000000
553,21136149,-12.0,170,0x95222290DD7278Aa3Ddd389Cc1E1d165CC4BAfe5,14404200,30000000
554,21136148,-12.0,152,0x4838B106FCe9647Bdf1E7877BF73cE8B0BAD5f97,15611690,30000000
555,21136147,-12.0,191,0x95222290DD7278Aa3Ddd389Cc1E1d165CC4BAfe5,16801105,30000000
556,21136146,-12.0,141,0x4838B106FCe9647Bdf1E7877BF73cE8B0BAD5f97,14121285,30000000
557,21136145,-12.0,327,0x95222290DD7278Aa3Ddd389Cc1E1d165CC4BAfe5,29978483,30000000
558,21136144,-12.0,316,0x2454e757eBea29006C29df30505865F185B7A5Ae,14729975,30000000
559,21136143,-12.0,140,0x388C818CA8B9251b393131C08a736A67ccB19297,5376509,30000000
560,21136142,-12.0,191,0x95222290DD7278Aa3Ddd389Cc1E1d165CC4BAfe5,15352638,30000000
561,21136141,-12.0,200,0x95222290DD7278Aa3Ddd389Cc1E1d165CC4BAfe5,18102371,30000000
562,21136140,-12.0,182,0x95222290DD7278Aa3Ddd389Cc1E1d165CC4BAfe5,14368407,30000000
563,21136139,-12.0,170,0x95222290DD7278Aa3Ddd389Cc1E1d165CC4BAfe5,16098226,30000000
564,21136138,-12.0,142,0x95222290DD7278Aa3Ddd389Cc1E1d165CC4BAfe5,12935709,30000000
565,21136137,-12.0,345,0x4838B106FCe9647Bdf1E7877BF73cE8B0BAD5f97,21679906,30000000
566,21136136,-12.0,285,0x95222290DD7278Aa3Ddd389Cc1E1d165CC4BAfe5,22291710,30000000
567,21136135,-12.0,20,0xD87f3d6c5624E8B02bE13c2C92f8511B88B94d96,1846731,30000000
568,21136134,-12.0,183,0x95222290DD7278Aa3Ddd389Cc1E1d165CC4BAfe5,18063644,30000000
569,21136133,-12.0,305,0x95222290DD7278Aa3Ddd389Cc1E1d165CC4BAfe5,24922533,30000000
570,21136132,-12.0,94,0xd861F72137c15476c5d14F448e1A3D1dE354f2d2,5669629,30000000
571,21136131,-12.0,202,0x95222290DD7278Aa3Ddd389Cc1E1d165CC4BAfe5,17087933,30000000
572,21136130,-12.0,145,0x95222290DD7278Aa3Ddd389Cc1E1d165CC4BAfe5,12659374,30000000
573,21136129,-12.0,137,0x4838B106FCe9647Bdf1E7877BF73cE8B0BAD5f97,11518565,30000000
574,21136128,-12.0,180,0x95222290DD7278Aa3Ddd389Cc1E1d165CC4BAfe5,20246807,30000000
575,21136127,-12.0,172,0x4838B106FCe9647Bdf1E7877BF73cE8B0BAD5f97,14550360,30000000
576,21136126,-12.0,213,0x4838B106FCe9647Bdf1E7877BF73cE8B0BAD5f97,19030211,30000000
577,21136125,-12.0,170,0x95222290DD7278Aa3Ddd389Cc1E1d165CC4BAfe5,13568776,30000000
578,21136124,-12.0,142,0x95222290DD7278Aa3Ddd389Cc1E1d165CC4BAfe5,11736955,30000000
579,21136123,-12.0,154,0x95222290DD7278Aa3Ddd389Cc1E1d165CC4BAfe5,15812255,30000000
580,21136122,-12.0,190,0x95222290DD7278Aa3Ddd389Cc1E1d165CC4BAfe5,17167785,30000000
581,21136121,-12.0,163,0x95222290DD7278Aa3Ddd389Cc1E1d165CC4BAfe5,14548537,30000000
582,21136120,-12.0,138,0x95222290DD7278Aa3Ddd389Cc1E1d165CC4BAfe5,13680696,30000000
583,21136119,-12.0,248,0x95222290DD7278Aa3Ddd389Cc1E1d165CC4BAfe5,21490591,30000000
584,21136118,-12.0,115,0x95222290DD7278Aa3Ddd389Cc1E1d165CC4BAfe5,9469884,30000000
585,21136117,-12.0,114,0x4838B106FCe9647Bdf1E7877BF73cE8B0BAD5f97,8229048,30000000
586,21136116,-12.0,230,0x95222290DD7278Aa3Ddd389Cc1E1d165CC4BAfe5,19345903,30000000
587,21136115,-12.0,384,0x4838B106FCe9647Bdf1E7877BF73cE8B0BAD5f97,20829182,30000000
588,21136114,-12.0,161,0x388C818CA8B9251b393131C08a736A67ccB19297,7427362,30000000
589,21136113,-12.0,98,0x388C818CA8B9251b393131C08a736A67ccB19297,4854941,30000000
590,21136112,-12.0,367,0x4838B106FCe9647Bdf1E7877BF73cE8B0BAD5f97,25890938,30000000
591,21136111,-12.0,171,0x95222290DD7278Aa3Ddd389Cc1E1d165CC4BAfe5,12322426,30000000
592,21136110,-12.0,227,0x95222290DD7278Aa3Ddd389Cc1E1d165CC4BAfe5,13749382,30000000
593,21136109,-12.0,203,0x95222290DD7278Aa3Ddd389Cc1E1d165CC4BAfe5,17212421,30000000
594,21136108,-12.0,115,0x95222290DD7278Aa3Ddd389Cc1E1d165CC4BAfe5,9133065,30000000
595,21136107,-12.0,196,0x4838B106FCe9647Bdf1E7877BF73cE8B0BAD5f97,16575865,30000000
596,21136106,-12.0,228,0x4838B106FCe9647Bdf1E7877BF73cE8B0BAD5f97,17139954,30000000
597,21136105,-12.0,147,0x4838B106FCe9647Bdf1E7877BF73cE8B0BAD5f97,12865691,30000000
598,21136104,-12.0,169,0x95222290DD7278Aa3Ddd389Cc1E1d165CC4BAfe5,12245708,30000000
599,21136103,-12.0,231,0x95222290DD7278Aa3Ddd389Cc1E1d165CC4BAfe5,18732312,30000000
600,21136102,-12.0,123,0x4838B106FCe9647Bdf1E7877BF73cE8B0BAD5f97,10715823,30000000
601,21136101,-12.0,166,0x95222290DD7278Aa3Ddd389Cc1E1d165CC4BAfe5,14280226,30000000
602,21136100,-12.0,215,0x4838B106FCe9647Bdf1E7877BF73cE8B0BAD5f97,18883762,30000000
603,21136099,-12.0,203,0x388C818CA8B9251b393131C08a736A67ccB19297,11875970,30000000
604,21136098,-12.0,231,0x95222290DD7278Aa3Ddd389Cc1E1d165CC4BAfe5,19263838,30000000
605,21136097,-12.0,109,0xe43Cc5b6FF052f5Aa931A4F9eF2bfA0C500014CA,8229246,30000000
606,21136096,-12.0,175,0x95222290DD7278Aa3Ddd389Cc1E1d165CC4BAfe5,16080625,30000000
607,21136095,-12.0,146,0x4838B106FCe9647Bdf1E7877BF73cE8B0BAD5f97,14495933,30000000
608,21136094,-12.0,192,0x95222290DD7278Aa3Ddd389Cc1E1d165CC4BAfe5,16490520,30000000
609,21136093,-12.0,123,0x1f9090aaE28b8a3dCeaDf281B0F12828e676c326,9143792,30000000
610,21136092,-12.0,215,0x4838B106FCe9647Bdf1E7877BF73cE8B0BAD5f97,16617982,30000000
611,21136091,-12.0,251,0x95222290DD7278Aa3Ddd389Cc1E1d165CC4BAfe5,18006954,30000000
612,21136090,-12.0,186,0x95222290DD7278Aa3Ddd389Cc1E1d165CC4BAfe5,14739872,30000000
613,21136089,-12.0,132,0x95222290DD7278Aa3Ddd389Cc1E1d165CC4BAfe5,10754764,30000000
614,21136088,-12.0,184,0x95222290DD7278Aa3Ddd389Cc1E1d165CC4BAfe5,16227040,30000000
615,21136087,-12.0,145,0x95222290DD7278Aa3Ddd389Cc1E1d165CC4BAfe5,11660977,30000000
616,21136086,-12.0,169,0x95222290DD7278Aa3Ddd389Cc1E1d165CC4BAfe5,14487422,30000000
617,21136085,-12.0,192,0x4838B106FCe9647Bdf1E7877BF73cE8B0BAD5f97,15322822,30000000
618,21136084,-12.0,237,0x95222290DD7278Aa3Ddd389Cc1E1d165CC4BAfe5,18773596,30000000
619,21136083,-12.0,163,0x95222290DD7278Aa3Ddd389Cc1E1d165CC4BAfe5,13873401,30000000
620,21136082,-12.0,184,0x95222290DD7278Aa3Ddd389Cc1E1d165CC4BAfe5,13909906,30000000
621,21136081,-12.0,198,0x95222290DD7278Aa3Ddd389Cc1E1d165CC4BAfe5,17485652,30000000
622,21136080,-12.0,134,0x4838B106FCe9647Bdf1E7877BF73cE8B0BAD5f97,10544462,30000000
623,21136079,-12.0,254,0x95222290DD7278Aa3Ddd389Cc1E1d165CC4BAfe5,20071311,30000000
624,21136078,-12.0,129,0x4838B106FCe9647Bdf1E7877BF73cE8B0BAD5f97,15471643,30000000
625,21136077,-12.0,274,0x4838B106FCe9647Bdf1E7877BF73cE8B0BAD5f97,17998069,30000000
626,21136076,-12.0,152,0x95222290DD7278Aa3Ddd389Cc1E1d165CC4BAfe5,11091453,30000000
627,21136075,-12.0,140,0x4838B106FCe9647Bdf1E7877BF73cE8B0BAD5f97,11748523,30000000
628,21136074,-12.0,149,0x4838B106FCe9647Bdf1E7877BF73cE8B0BAD5f97,11716700,30000000
629,21136073,-12.0,174,0x4838B106FCe9647Bdf1E7877BF73cE8B0BAD5f97,16336694,30000000
630,21136072,-12.0,201,0x95222290DD7278Aa3Ddd389Cc1E1d165CC4BAfe5,17113521,30000000
631,21136071,-12.0,220,0x95222290DD7278Aa3Ddd389Cc1E1d165CC4BAfe5,20650908,30000000
632,21136070,-12.0,132,0x4838B106FCe9647Bdf1E7877BF73cE8B0BAD5f97,10084913,30000000
633,21136069,-12.0,138,0x4838B106FCe9647Bdf1E7877BF73cE8B0BAD5f97,13689280,30000000
634,21136068,-12.0,168,0x4838B106FCe9647Bdf1E7877BF73cE8B0BAD5f97,14992448,30000000
635,21136067,-12.0,212,0x95222290DD7278Aa3Ddd389Cc1E1d165CC4BAfe5,17199400,30000000
636,21136066,-12.0,266,0x95222290DD7278Aa3Ddd389Cc1E1d165CC4BAfe5,22403738,30000000
637,21136065,-12.0,106,0x388C818CA8B9251b393131C08a736A67ccB19297,6620003,30000000
638,21136064,-12.0,154,0x95222290DD7278Aa3Ddd389Cc1E1d165CC4BAfe5,14157110,30000000
639,21136063,-12.0,291,0x95222290DD7278Aa3Ddd389Cc1E1d165CC4BAfe5,23161876,30000000
640,21136062,-12.0,148,0x620da52CF101CF6FE24E7b2b08678c096c89D259,8382537,30000000
641,21136061,-12.0,171,0x95222290DD7278Aa3Ddd389Cc1E1d165CC4BAfe5,12655801,30000000
642,21136060,-12.0,198,0x95222290DD7278Aa3Ddd389Cc1E1d165CC4BAfe5,16486115,30000000
643,21136059,-12.0,185,0x95222290DD7278Aa3Ddd389Cc1E1d165CC4BAfe5,14052113,30000000
644,21136058,-12.0,171,0x95222290DD7278Aa3Ddd389Cc1E1d165CC4BAfe5,15610323,30000000
645,21136057,-12.0,171,0x95222290DD7278Aa3Ddd389Cc1E1d165CC4BAfe5,15168532,30000000
646,21136056,-12.0,255,0x4838B106FCe9647Bdf1E7877BF73cE8B0BAD5f97,20381357,30000000
647,21136055,-12.0,155,0x95222290DD7278Aa3Ddd389Cc1E1d165CC4BAfe5,11775828,30000000
648,21136054,-12.0,158,0x4838B106FCe9647Bdf1E7877BF73cE8B0BAD5f97,15347517,30000000
649,21136053,-12.0,177,0x95222290DD7278Aa3Ddd389Cc1E1d165CC4BAfe5,15323394,30000000
650,21136052,-12.0,172,0x95222290DD7278Aa3Ddd389Cc1E1d165CC4BAfe5,16426657,30000000
651,21136051,-12.0,103,0x4838B106FCe9647Bdf1E7877BF73cE8B0BAD5f97,11010981,30000000
652,21136050,-12.0,152,0x95222290DD7278Aa3Ddd389Cc1E1d165CC4BAfe5,12628395,30000000
653,21136049,-12.0,257,0x95222290DD7278Aa3Ddd389Cc1E1d165CC4BAfe5,23976351,30000000
654,21136048,-12.0,130,0x95222290DD7278Aa3Ddd389Cc1E1d165CC4BAfe5,9927358,30000000
655,21136047,-12.0,250,0x4838B106FCe9647Bdf1E7877BF73cE8B0BAD5f97,17144850,30000000
656,21136046,-12.0,151,0x95222290DD7278Aa3Ddd389Cc1E1d165CC4BAfe5,8942098,30000000
657,21136045,-12.0,166,0x95222290DD7278Aa3Ddd389Cc1E1d165CC4BAfe5,15628913,30000000
658,21136044,-12.0,146,0x95222290DD7278Aa3Ddd389Cc1E1d165CC4BAfe5,12499093,30000000
659,21136043,-12.0,341,0x95222290DD7278Aa3Ddd389Cc1E1d165CC4BAfe5,23352430,30000000
660,21136042,-12.0,172,0x1f9090aaE28b8a3dCeaDf281B0F12828e676c326,12998669,30000000
661,21136041,-12.0,126,0xdf99A0839818B3f120EBAC9B73f82B617Dc6A555,9442559,30000000
662,21136040,-12.0,200,0x4838B106FCe9647Bdf1E7877BF73cE8B0BAD5f97,19817654,30000000
663,21136039,-12.0,252,0x95222290DD7278Aa3Ddd389Cc1E1d165CC4BAfe5,16115251,30000000
664,21136038,-12.0,212,0x95222290DD7278Aa3Ddd389Cc1E1d165CC4BAfe5,13084369,30000000
665,21136037,-12.0,198,0x95222290DD7278Aa3Ddd389Cc1E1d165CC4BAfe5,17516277,30000000
666,21136036,-12.0,173,0x4838B106FCe9647Bdf1E7877BF73cE8B0BAD5f97,14105894,30000000
667,21136035,-12.0,189,0x95222290DD7278Aa3Ddd389Cc1E1d165CC4BAfe5,16695139,30000000
668,21136034,-12.0,174,0x4838B106FCe9647Bdf1E7877BF73cE8B0BAD5f97,14635957,30000000
669,21136033,-12.0,163,0x95222290DD7278Aa3Ddd389Cc1E1d165CC4BAfe5,14810114,30000000
670,21136032,-12.0,190,0x95222290DD7278Aa3Ddd389Cc1E1d165CC4BAfe5,16672469,30000000
671,21136031,-12.0,190,0x4838B106FCe9647Bdf1E7877BF73cE8B0BAD5f97,18353405,30000000
672,21136030,-12.0,275,0x95222290DD7278Aa3Ddd389Cc1E1d165CC4BAfe5,18546184,30000000
673,21136029,-12.0,165,0x4838B106FCe9647Bdf1E7877BF73cE8B0BAD5f97,11518454,30000000
674,21136028,-12.0,137,0x4838B106FCe9647Bdf1E7877BF73cE8B0BAD5f97,12480948,30000000
675,21136027,-12.0,218,0x95222290DD7278Aa3Ddd389Cc1E1d165CC4BAfe5,19894387,30000000
676,21136026,-12.0,158,0x4838B106FCe9647Bdf1E7877BF73cE8B0BAD5f97,14542455,30000000
677,21136025,-12.0,177,0x4838B106FCe9647Bdf1E7877BF73cE8B0BAD5f97,13589350,30000000
678,21136024,-12.0,150,0x4838B106FCe9647Bdf1E7877BF73cE8B0BAD5f97,12860263,30000000
679,21136023,-12.0,173,0x4838B106FCe9647Bdf1E7877BF73cE8B0BAD5f97,14765169,30000000
680,21136022,-12.0,226,0x95222290DD7278Aa3Ddd389Cc1E1d165CC4BAfe5,22112021,30000000
681,21136021,-12.0,112,0x4838B106FCe9647Bdf1E7877BF73cE8B0BAD5f97,9720820,30000000
682,21136020,-12.0,287,0x4838B106FCe9647Bdf1E7877BF73cE8B0BAD5f97,26309250,30000000
683,21136019,-12.0,182,0x95222290DD7278Aa3Ddd389Cc1E1d165CC4BAfe5,16536165,30000000
684,21136018,-12.0,127,0x4838B106FCe9647Bdf1E7877BF73cE8B0BAD5f97,9907754,30000000
685,21136017,-12.0,243,0x4838B106FCe9647Bdf1E7877BF73cE8B0BAD5f97,13447599,30000000
686,21136016,-12.0,202,0x95222290DD7278Aa3Ddd389Cc1E1d165CC4BAfe5,14759911,30000000
687,21136015,-12.0,262,0x95222290DD7278Aa3Ddd389Cc1E1d165CC4BAfe5,21871212,30000000
688,21136014,-12.0,235,0x4838B106FCe9647Bdf1E7877BF73cE8B0BAD5f97,15024416,30000000
689,21136013,-12.0,114,0x388C818CA8B9251b393131C08a736A67ccB19297,6991379,30000000
690,21136012,-12.0,217,0x4838B106FCe9647Bdf1E7877BF73cE8B0BAD5f97,19168089,30000000
691,21136011,-12.0,313,0x4838B106FCe9647Bdf1E7877BF73cE8B0BAD5f97,23003037,30000000
692,21136010,-12.0,205,0x95222290DD7278Aa3Ddd389Cc1E1d165CC4BAfe5,16039181,30000000
693,21136009,-12.0,86,0x388C818CA8B9251b393131C08a736A67ccB19297,4651046,30000000
694,21136008,-12.0,126,0x4838B106FCe9647Bdf1E7877BF73cE8B0BAD5f97,17136508,30000000
695,21136007,-12.0,206,0x95222290DD7278Aa3Ddd389Cc1E1d165CC4BAfe5,15943160,30000000
696,21136006,-12.0,156,0x95222290DD7278Aa3Ddd389Cc1E1d165CC4BAfe5,14216965,30000000
697,21136005,-12.0,140,0x4838B106FCe9647Bdf1E7877BF73cE8B0BAD5f97,12465605,30000000
698,21136004,-12.0,187,0x95222290DD7278Aa3Ddd389Cc1E1d165CC4BAfe5,16058003,30000000
699,21136003,-12.0,222,0x4838B106FCe9647Bdf1E7877BF73cE8B0BAD5f97,17952847,30000000
700,21136002,-12.0,118,0x9337393eef272fF39aD9D4e0bA11aA12C4ce8CE3,6963091,30000000
701,21136001,-12.0,171,0x95222290DD7278Aa3Ddd389Cc1E1d165CC4BAfe5,13381647,30000000
702,21136000,-12.0,131,0x95222290DD7278Aa3Ddd389Cc1E1d165CC4BAfe5,10612326,30000000
703,21135999,-12.0,164,0x95222290DD7278Aa3Ddd389Cc1E1d165CC4BAfe5,12630412,30000000
704,21135998,-12.0,345,0x4838B106FCe9647Bdf1E7877BF73cE8B0BAD5f97,23323260,30000000
705,21135997,-12.0,132,0x1f9090aaE28b8a3dCeaDf281B0F12828e676c326,10488283,30000000
706,21135996,-12.0,138,0x62d4d3785f8117Be8d2eE8e1e81C9147098bC3fF,13833917,30000000
707,21135995,-12.0,153,0x95222290DD7278Aa3Ddd389Cc1E1d165CC4BAfe5,10394293,30000000
708,21135994,-12.0,176,0x95222290DD7278Aa3Ddd389Cc1E1d165CC4BAfe5,12154276,30000000
709,21135993,-12.0,184,0x95222290DD7278Aa3Ddd389Cc1E1d165CC4BAfe5,14516958,30000000
710,21135992,-12.0,114,0x4838B106FCe9647Bdf1E7877BF73cE8B0BAD5f97,9555161,30000000
711,21135991,-12.0,173,0x95222290DD7278Aa3Ddd389Cc1E1d165CC4BAfe5,22713611,30000000
712,21135990,-12.0,134,0x95222290DD7278Aa3Ddd389Cc1E1d165CC4BAfe5,13129846,30000000
713,21135989,-12.0,142,0x95222290DD7278Aa3Ddd389Cc1E1d165CC4BAfe5,16227531,30000000
714,21135988,-12.0,146,0x95222290DD7278Aa3Ddd389Cc1E1d165CC4BAfe5,17137930,30000000
715,21135987,-12.0,237,0x95222290DD7278Aa3Ddd389Cc1E1d165CC4BAfe5,18527885,30000000
716,21135986,-12.0,179,0x4838B106FCe9647Bdf1E7877BF73cE8B0BAD5f97,19691605,30000000
717,21135985,-12.0,141,0x95222290DD7278Aa3Ddd389Cc1E1d165CC4BAfe5,10149930,30000000
718,21135984,-12.0,178,0x4838B106FCe9647Bdf1E7877BF73cE8B0BAD5f97,22531471,30000000
719,21135983,-12.0,128,0x4838B106FCe9647Bdf1E7877BF73cE8B0BAD5f97,18041536,30000000
720,21135982,-12.0,273,0x95222290DD7278Aa3Ddd389Cc1E1d165CC4BAfe5,27968454,30000000
721,21135981,-12.0,190,0x95222290DD7278Aa3Ddd389Cc1E1d165CC4BAfe5,17001232,30000000
722,21135980,-12.0,100,0x7e2a2FA2a064F693f0a55C5639476d913Ff12D05,6688871,30000000
723,21135979,-12.0,259,0x95222290DD7278Aa3Ddd389Cc1E1d165CC4BAfe5,22646764,30000000
724,21135978,-12.0,84,0x48319f97E5Da1233c21c48b80097c0FB7a20Ff86,5763587,30000000
725,21135977,-12.0,129,0x4838B106FCe9647Bdf1E7877BF73cE8B0BAD5f97,29998021,30000000
726,21135976,-12.0,178,0x95222290DD7278Aa3Ddd389Cc1E1d165CC4BAfe5,17351594,30000000
727,21135975,-12.0,175,0x95222290DD7278Aa3Ddd389Cc1E1d165CC4BAfe5,12381983,30000000
728,21135974,-12.0,190,0x95222290DD7278Aa3Ddd389Cc1E1d165CC4BAfe5,15237341,30000000
729,21135973,-12.0,213,0x95222290DD7278Aa3Ddd389Cc1E1d165CC4BAfe5,17091011,30000000
730,21135972,-12.0,146,0x4838B106FCe9647Bdf1E7877BF73cE8B0BAD5f97,12101593,30000000
731,21135971,-12.0,173,0x95222290DD7278Aa3Ddd389Cc1E1d165CC4BAfe5,13788358,30000000
732,21135970,-12.0,127,0x4838B106FCe9647Bdf1E7877BF73cE8B0BAD5f97,14323810,30000000
733,21135969,-12.0,278,0x4838B106FCe9647Bdf1E7877BF73cE8B0BAD5f97,20971953,30000000
734,21135968,-12.0,124,0x4838B106FCe9647Bdf1E7877BF73cE8B0BAD5f97,12102332,30000000
735,21135967,-12.0,236,0x95222290DD7278Aa3Ddd389Cc1E1d165CC4BAfe5,19925529,30000000
736,21135966,-12.0,129,0x95222290DD7278Aa3Ddd389Cc1E1d165CC4BAfe5,10543698,30000000
737,21135965,-12.0,197,0x95222290DD7278Aa3Ddd389Cc1E1d165CC4BAfe5,16171743,30000000
738,21135964,-12.0,191,0x4838B106FCe9647Bdf1E7877BF73cE8B0BAD5f97,14293286,30000000
739,21135963,-12.0,123,0x95222290DD7278Aa3Ddd389Cc1E1d165CC4BAfe5,10365983,30000000
740,21135962,-12.0,198,0x95222290DD7278Aa3Ddd389Cc1E1d165CC4BAfe5,17524241,30000000
741,21135961,-12.0,222,0x95222290DD7278Aa3Ddd389Cc1E1d165CC4BAfe5,18993203,30000000
742,21135960,-12.0,126,0x95222290DD7278Aa3Ddd389Cc1E1d165CC4BAfe5,8919071,30000000
743,21135959,-12.0,134,0x4838B106FCe9647Bdf1E7877BF73cE8B0BAD5f97,12314408,30000000
744,21135958,-12.0,240,0x95222290DD7278Aa3Ddd389Cc1E1d165CC4BAfe5,22319022,30000000
745,21135957,-12.0,192,0x4838B106FCe9647Bdf1E7877BF73cE8B0BAD5f97,14585086,30000000
746,21135956,-12.0,188,0x95222290DD7278Aa3Ddd389Cc1E1d165CC4BAfe5,14907726,30000000
747,21135955,-12.0,120,0x95222290DD7278Aa3Ddd389Cc1E1d165CC4BAfe5,11550769,30000000
748,21135954,-12.0,135,0x4838B106FCe9647Bdf1E7877BF73cE8B0BAD5f97,14858267,30000000
749,21135953,-12.0,169,0x95222290DD7278Aa3Ddd389Cc1E1d165CC4BAfe5,13599142,30000000
750,21135952,-12.0,375,0x4838B106FCe9647Bdf1E7877BF73cE8B0BAD5f97,29998395,30000000
751,21135951,-12.0,84,0x7e2a2FA2a064F693f0a55C5639476d913Ff12D05,7228077,30000000
752,21135950,-12.0,162,0x95222290DD7278Aa3Ddd389Cc1E1d165CC4BAfe5,16267176,30000000
753,21135949,-12.0,216,0x95222290DD7278Aa3Ddd389Cc1E1d165CC4BAfe5,17002963,30000000
754,21135948,-12.0,132,0x4838B106FCe9647Bdf1E7877BF73cE8B0BAD5f97,11459520,30000000
755,21135947,-12.0,192,0x95222290DD7278Aa3Ddd389Cc1E1d165CC4BAfe5,18200081,30000000
756,21135946,-12.0,197,0x95222290DD7278Aa3Ddd389Cc1E1d165CC4BAfe5,15465378,30000000
757,21135945,-12.0,125,0x95222290DD7278Aa3Ddd389Cc1E1d165CC4BAfe5,9256115,30000000
758,21135944,-12.0,218,0x95222290DD7278Aa3Ddd389Cc1E1d165CC4BAfe5,19431611,30000000
759,21135943,-12.0,143,0x4838B106FCe9647Bdf1E7877BF73cE8B0BAD5f97,13474854,30000000
760,21135942,-12.0,223,0x4838B106FCe9647Bdf1E7877BF73cE8B0BAD5f97,15928211,30000000
761,21135941,-12.0,184,0x4838B106FCe9647Bdf1E7877BF73cE8B0BAD5f97,13625775,30000000
762,21135940,-12.0,338,0x95222290DD7278Aa3Ddd389Cc1E1d165CC4BAfe5,21420221,30000000
763,21135939,-12.0,182,0x388C818CA8B9251b393131C08a736A67ccB19297,8198160,30000000
764,21135938,-12.0,176,0x95222290DD7278Aa3Ddd389Cc1E1d165CC4BAfe5,14988968,30000000
765,21135937,-12.0,180,0x95222290DD7278Aa3Ddd389Cc1E1d165CC4BAfe5,14079812,30000000
766,21135936,-12.0,148,0x4838B106FCe9647Bdf1E7877BF73cE8B0BAD5f97,13446665,30000000
767,21135935,-12.0,203,0x95222290DD7278Aa3Ddd389Cc1E1d165CC4BAfe5,14230032,30000000
768,21135934,-12.0,296,0x4838B106FCe9647Bdf1E7877BF73cE8B0BAD5f97,19287111,30000000
769,21135933,-12.0,97,0x4838B106FCe9647Bdf1E7877BF73cE8B0BAD5f97,7000027,30000000
770,21135932,-12.0,233,0x95222290DD7278Aa3Ddd389Cc1E1d165CC4BAfe5,19346404,30000000
771,21135931,-12.0,154,0x95222290DD7278Aa3Ddd389Cc1E1d165CC4BAfe5,13556207,30000000
772,21135930,-12.0,181,0x95222290DD7278Aa3Ddd389Cc1E1d165CC4BAfe5,13918028,30000000
773,21135929,-12.0,176,0x95222290DD7278Aa3Ddd389Cc1E1d165CC4BAfe5,14487647,30000000
774,21135928,-12.0,116,0x95222290DD7278Aa3Ddd389Cc1E1d165CC4BAfe5,10688080,30000000
775,21135927,-12.0,197,0x95222290DD7278Aa3Ddd389Cc1E1d165CC4BAfe5,17079413,30000000
776,21135926,-12.0,148,0x95222290DD7278Aa3Ddd389Cc1E1d165CC4BAfe5,14433677,30000000
777,21135925,-12.0,140,0x95222290DD7278Aa3Ddd389Cc1E1d165CC4BAfe5,13785642,30000000
778,21135924,-12.0,225,0x4838B106FCe9647Bdf1E7877BF73cE8B0BAD5f97,24233070,30000000
779,21135923,-12.0,254,0x95222290DD7278Aa3Ddd389Cc1E1d165CC4BAfe5,27256887,30000000
780,21135922,-12.0,154,0x256AC5426a6a4d8239c2Ddb4F766eB6c72A8e5cE,8701580,30000000
781,21135921,-12.0,86,0x388C818CA8B9251b393131C08a736A67ccB19297,5915645,30000000
782,21135920,-12.0,186,0x95222290DD7278Aa3Ddd389Cc1E1d165CC4BAfe5,17024535,30000000
783,21135919,-12.0,164,0x4838B106FCe9647Bdf1E7877BF73cE8B0BAD5f97,14322494,30000000
784,21135918,-12.0,148,0x95222290DD7278Aa3Ddd389Cc1E1d165CC4BAfe5,13026447,30000000
785,21135917,-12.0,197,0x95222290DD7278Aa3Ddd389Cc1E1d165CC4BAfe5,14653605,30000000
786,21135916,-12.0,158,0x95222290DD7278Aa3Ddd389Cc1E1d165CC4BAfe5,13736431,30000000
787,21135915,-12.0,133,0x95222290DD7278Aa3Ddd389Cc1E1d165CC4BAfe5,9449273,30000000
788,21135914,-12.0,230,0x95222290DD7278Aa3Ddd389Cc1E1d165CC4BAfe5,19887321,30000000
789,21135913,-12.0,208,0x95222290DD7278Aa3Ddd389Cc1E1d165CC4BAfe5,19043376,30000000
790,21135912,-12.0,149,0x1Db3439a222C519ab44bb1144fC28167b4Fa6EE6,7977848,30000000
791,21135911,-12.0,157,0x4838B106FCe9647Bdf1E7877BF73cE8B0BAD5f97,11232219,30000000
792,21135910,-12.0,208,0x95222290DD7278Aa3Ddd389Cc1E1d165CC4BAfe5,15544582,30000000
793,21135909,-12.0,190,0x95222290DD7278Aa3Ddd389Cc1E1d165CC4BAfe5,14361116,30000000
794,21135908,-12.0,180,0x95222290DD7278Aa3Ddd389Cc1E1d165CC4BAfe5,14073411,30000000
795,21135907,-12.0,173,0x4838B106FCe9647Bdf1E7877BF73cE8B0BAD5f97,15500643,30000000
796,21135906,-12.0,176,0x95222290DD7278Aa3Ddd389Cc1E1d165CC4BAfe5,14851842,30000000
797,21135905,-12.0,183,0x95222290DD7278Aa3Ddd389Cc1E1d165CC4BAfe5,16723357,30000000
798,21135904,-12.0,228,0x4838B106FCe9647Bdf1E7877BF73cE8B0BAD5f97,12145045,30000000
799,21135903,-12.0,187,0x95222290DD7278Aa3Ddd389Cc1E1d165CC4BAfe5,13453976,30000000
800,21135902,-12.0,226,0x95222290DD7278Aa3Ddd389Cc1E1d165CC4BAfe5,17601793,30000000
801,21135901,-12.0,190,0x4838B106FCe9647Bdf1E7877BF73cE8B0BAD5f97,10360387,30000000
802,21135900,-12.0,216,0x95222290DD7278Aa3Ddd389Cc1E1d165CC4BAfe5,17340614,30000000
803,21135899,-12.0,246,0x95222290DD7278Aa3Ddd389Cc1E1d165CC4BAfe5,20164615,30000000
804,21135898,-12.0,93,0x0BACa42f40abeBaf674cE654ABFC6647ed0f891E,4348383,30000000
805,21135897,-12.0,223,0x95222290DD7278Aa3Ddd389Cc1E1d165CC4BAfe5,18436431,30000000
806,21135896,-12.0,219,0x95222290DD7278Aa3Ddd389Cc1E1d165CC4BAfe5,16101578,30000000
807,21135895,-12.0,124,0x4838B106FCe9647Bdf1E7877BF73cE8B0BAD5f97,10749656,30000000
808,21135894,-12.0,147,0x95222290DD7278Aa3Ddd389Cc1E1d165CC4BAfe5,12187659,30000000
809,21135893,-12.0,170,0x4838B106FCe9647Bdf1E7877BF73cE8B0BAD5f97,15216403,30000000
810,21135892,-12.0,245,0x95222290DD7278Aa3Ddd389Cc1E1d165CC4BAfe5,18052004,30000000
811,21135891,-12.0,168,0x95222290DD7278Aa3Ddd389Cc1E1d165CC4BAfe5,13425450,30000000
812,21135890,-12.0,136,0x95222290DD7278Aa3Ddd389Cc1E1d165CC4BAfe5,9921464,30000000
813,21135889,-12.0,146,0x95222290DD7278Aa3Ddd389Cc1E1d165CC4BAfe5,25879930,30000000
814,21135888,-12.0,165,0x95222290DD7278Aa3Ddd389Cc1E1d165CC4BAfe5,12513505,30000000
815,21135887,-12.0,293,0x4838B106FCe9647Bdf1E7877BF73cE8B0BAD5f97,22027590,30000000
816,21135886,-12.0,189,0x95222290DD7278Aa3Ddd389Cc1E1d165CC4BAfe5,13267110,30000000
817,21135885,-12.0,169,0x4838B106FCe9647Bdf1E7877BF73cE8B0BAD5f97,13619781,30000000
818,21135884,-12.0,157,0x95222290DD7278Aa3Ddd389Cc1E1d165CC4BAfe5,13685836,30000000
819,21135883,-12.0,153,0x95222290DD7278Aa3Ddd389Cc1E1d165CC4BAfe5,12989689,30000000
820,21135882,-12.0,205,0x95222290DD7278Aa3Ddd389Cc1E1d165CC4BAfe5,17122892,30000000
821,21135881,-12.0,127,0x4838B106FCe9647Bdf1E7877BF73cE8B0BAD5f97,11260853,30000000
822,21135880,-12.0,126,0x95222290DD7278Aa3Ddd389Cc1E1d165CC4BAfe5,10049749,30000000
823,21135879,-12.0,196,0x95222290DD7278Aa3Ddd389Cc1E1d165CC4BAfe5,17942095,30000000
824,21135878,-12.0,125,0x4838B106FCe9647Bdf1E7877BF73cE8B0BAD5f97,10216475,30000000
825,21135877,-12.0,229,0x4838B106FCe9647Bdf1E7877BF73cE8B0BAD5f97,26782865,30000000
826,21135876,-12.0,213,0x95222290DD7278Aa3Ddd389Cc1E1d165CC4BAfe5,17138310,30000000
827,21135875,-12.0,177,0x95222290DD7278Aa3Ddd389Cc1E1d165CC4BAfe5,12432163,30000000
828,21135874,-12.0,213,0x95222290DD7278Aa3Ddd389Cc1E1d165CC4BAfe5,18570091,30000000
829,21135873,-12.0,168,0x4838B106FCe9647Bdf1E7877BF73cE8B0BAD5f97,15494393,30000000
830,21135872,-12.0,184,0x95222290DD7278Aa3Ddd389Cc1E1d165CC4BAfe5,22075821,30000000
831,21135871,-12.0,164,0x95222290DD7278Aa3Ddd389Cc1E1d165CC4BAfe5,13918211,30000000
832,21135870,-12.0,150,0x95222290DD7278Aa3Ddd389Cc1E1d165CC4BAfe5,11183430,30000000
833,21135869,-12.0,193,0x95222290DD7278Aa3Ddd389Cc1E1d165CC4BAfe5,15359615,30000000
834,21135868,-12.0,230,0x4838B106FCe9647Bdf1E7877BF73cE8B0BAD5f97,14820165,30000000
835,21135867,-12.0,200,0x95222290DD7278Aa3Ddd389Cc1E1d165CC4BAfe5,18047722,30000000
836,21135866,-12.0,125,0x4838B106FCe9647Bdf1E7877BF73cE8B0BAD5f97,9752827,30000000
837,21135865,-12.0,166,0x95222290DD7278Aa3Ddd389Cc1E1d165CC4BAfe5,14830875,30000000
838,21135864,-12.0,143,0x95222290DD7278Aa3Ddd389Cc1E1d165CC4BAfe5,11567995,30000000
839,21135863,-12.0,256,0x95222290DD7278Aa3Ddd389Cc1E1d165CC4BAfe5,25998561,30000000
840,21135862,-12.0,237,0x1f9090aaE28b8a3dCeaDf281B0F12828e676c326,18298727,30000000
841,21135861,-24.0,163,0x4838B106FCe9647Bdf1E7877BF73cE8B0BAD5f97,14814341,30000000
842,21135860,-12.0,174,0x95222290DD7278Aa3Ddd389Cc1E1d165CC4BAfe5,12914490,30000000
843,21135859,-12.0,156,0x95222290DD7278Aa3Ddd389Cc1E1d165CC4BAfe5,12124107,30000000
844,21135858,-12.0,225,0x95222290DD7278Aa3Ddd389Cc1E1d165CC4BAfe5,19530848,30000000
845,21135857,-12.0,122,0x4838B106FCe9647Bdf1E7877BF73cE8B0BAD5f97,11050723,30000000
846,21135856,-12.0,165,0x95222290DD7278Aa3Ddd389Cc1E1d165CC4BAfe5,15860942,30000000
847,21135855,-12.0,200,0x95222290DD7278Aa3Ddd389Cc1E1d165CC4BAfe5,16833076,30000000
848,21135854,-12.0,229,0x4838B106FCe9647Bdf1E7877BF73cE8B0BAD5f97,21196102,30000000
849,21135853,-12.0,154,0x1f9090aaE28b8a3dCeaDf281B0F12828e676c326,11806670,30000000
850,21135852,-12.0,150,0x95222290DD7278Aa3Ddd389Cc1E1d165CC4BAfe5,14495028,30000000
851,21135851,-12.0,304,0x95222290DD7278Aa3Ddd389Cc1E1d165CC4BAfe5,29991737,30000000
852,21135850,-12.0,108,0x6400a8Df34eC833344141655F075C23C7e08D620,7120250,30000000
853,21135849,-12.0,118,0x88c6C46EBf353A52Bdbab708c23D0c81dAA8134A,10197331,30000000
854,21135848,-12.0,145,0x95222290DD7278Aa3Ddd389Cc1E1d165CC4BAfe5,10749934,30000000
855,21135847,-12.0,145,0x95222290DD7278Aa3Ddd389Cc1E1d165CC4BAfe5,12603615,30000000
856,21135846,-12.0,214,0x4838B106FCe9647Bdf1E7877BF73cE8B0BAD5f97,19880340,30000000
857,21135845,-12.0,104,0x4838B106FCe9647Bdf1E7877BF73cE8B0BAD5f97,8247615,30000000
858,21135844,-12.0,235,0x4838B106FCe9647Bdf1E7877BF73cE8B0BAD5f97,19044221,30000000
859,21135843,-12.0,89,0x95222290DD7278Aa3Ddd389Cc1E1d165CC4BAfe5,6963549,30000000
860,21135842,-12.0,238,0x95222290DD7278Aa3Ddd389Cc1E1d165CC4BAfe5,22464416,30000000
861,21135841,-12.0,154,0x6d2Da768CF1fF2d79fCEbF878086911B05d5F359,6311962,30000000
862,21135840,-12.0,304,0x4838B106FCe9647Bdf1E7877BF73cE8B0BAD5f97,23013201,30000000
863,21135839,-12.0,295,0x95222290DD7278Aa3Ddd389Cc1E1d165CC4BAfe5,22926348,30000000
864,21135838,-12.0,119,0x388C818CA8B9251b393131C08a736A67ccB19297,6830173,30000000
865,21135837,-12.0,171,0x95222290DD7278Aa3Ddd389Cc1E1d165CC4BAfe5,15325894,30000000
866,21135836,-12.0,216,0x95222290DD7278Aa3Ddd389Cc1E1d165CC4BAfe5,17493802,30000000
867,21135835,-12.0,99,0x4838B106FCe9647Bdf1E7877BF73cE8B0BAD5f97,9343865,30000000
868,21135834,-12.0,141,0x95222290DD7278Aa3Ddd389Cc1E1d165CC4BAfe5,13591463,30000000
869,21135833,-12.0,316,0x4838B106FCe9647Bdf1E7877BF73cE8B0BAD5f97,29997568,30000000
870,21135832,-12.0,88,0x388C818CA8B9251b393131C08a736A67ccB19297,5952397,30000000
871,21135831,-12.0,152,0x95222290DD7278Aa3Ddd389Cc1E1d165CC4BAfe5,13618191,30000000
872,21135830,-12.0,163,0x95222290DD7278Aa3Ddd389Cc1E1d165CC4BAfe5,12678125,30000000
873,21135829,-12.0,309,0x95222290DD7278Aa3Ddd389Cc1E1d165CC4BAfe5,26370707,30000000
874,21135828,-24.0,129,0x95222290DD7278Aa3Ddd389Cc1E1d165CC4BAfe5,9845943,30000000
875,21135827,-12.0,142,0x4838B106FCe9647Bdf1E7877BF73cE8B0BAD5f97,13375249,30000000
876,21135826,-12.0,368,0x4838B106FCe9647Bdf1E7877BF73cE8B0BAD5f97,29982361,30000000
877,21135825,-12.0,88,0x1Db3439a222C519ab44bb1144fC28167b4Fa6EE6,4973325,30000000
878,21135824,-12.0,218,0x95222290DD7278Aa3Ddd389Cc1E1d165CC4BAfe5,17772827,30000000
879,21135823,-12.0,164,0x4838B106FCe9647Bdf1E7877BF73cE8B0BAD5f97,13897721,30000000
880,21135822,-12.0,173,0x95222290DD7278Aa3Ddd389Cc1E1d165CC4BAfe5,14659596,30000000
881,21135821,-12.0,149,0x4838B106FCe9647Bdf1E7877BF73cE8B0BAD5f97,13695006,30000000
882,21135820,-12.0,204,0x95222290DD7278Aa3Ddd389Cc1E1d165CC4BAfe5,17052474,30000000
883,21135819,-12.0,162,0x4838B106FCe9647Bdf1E7877BF73cE8B0BAD5f97,13143927,30000000
884,21135818,-12.0,284,0x4838B106FCe9647Bdf1E7877BF73cE8B0BAD5f97,18720747,30000000
885,21135817,-12.0,206,0x4838B106FCe9647Bdf1E7877BF73cE8B0BAD5f97,12023486,30000000
886,21135816,-12.0,89,0x4838B106FCe9647Bdf1E7877BF73cE8B0BAD5f97,8902142,30000000
887,21135815,-12.0,180,0x95222290DD7278Aa3Ddd389Cc1E1d165CC4BAfe5,16332824,30000000
888,21135814,-12.0,247,0x95222290DD7278Aa3Ddd389Cc1E1d165CC4BAfe5,19296223,30000000
889,21135813,-12.0,216,0x95222290DD7278Aa3Ddd389Cc1E1d165CC4BAfe5,13617543,30000000
890,21135812,-12.0,139,0x4838B106FCe9647Bdf1E7877BF73cE8B0BAD5f97,11122280,30000000
891,21135811,-12.0,184,0x4838B106FCe9647Bdf1E7877BF73cE8B0BAD5f97,15438621,30000000
892,21135810,-12.0,172,0x95222290DD7278Aa3Ddd389Cc1E1d165CC4BAfe5,16151057,30000000
893,21135809,-12.0,333,0x95222290DD7278Aa3Ddd389Cc1E1d165CC4BAfe5,26416724,30000000
894,21135808,-12.0,150,0xF0178Fa15b7cb596F548837Bcd2ee8d30A089FaC,9484960,30000000
895,21135807,-12.0,102,0x388C818CA8B9251b393131C08a736A67ccB19297,7392610,30000000
896,21135806,-12.0,212,0x95222290DD7278Aa3Ddd389Cc1E1d165CC4BAfe5,13206129,30000000
897,21135805,-12.0,157,0x95222290DD7278Aa3Ddd389Cc1E1d165CC4BAfe5,13701075,30000000
898,21135804,-12.0,177,0x95222290DD7278Aa3Ddd389Cc1E1d165CC4BAfe5,14800881,30000000
899,21135803,-12.0,146,0x4838B106FCe9647Bdf1E7877BF73cE8B0BAD5f97,12892963,30000000
900,21135802,-12.0,191,0x95222290DD7278Aa3Ddd389Cc1E1d165CC4BAfe5,15623437,30000000
901,21135801,-12.0,117,0x4838B106FCe9647Bdf1E7877BF73cE8B0BAD5f97,9203739,30000000
902,21135800,-12.0,239,0x95222290DD7278Aa3Ddd389Cc1E1d165CC4BAfe5,24346616,30000000
903,21135799,-12.0,110,0x388C818CA8B9251b393131C08a736A67ccB19297,6627849,30000000
904,21135798,-12.0,321,0x4838B106FCe9647Bdf1E7877BF73cE8B0BAD5f97,19765763,30000000
905,21135797,-12.0,140,0x95222290DD7278Aa3Ddd389Cc1E1d165CC4BAfe5,9482328,30000000
906,21135796,-12.0,185,0x4838B106FCe9647Bdf1E7877BF73cE8B0BAD5f97,13762862,30000000
907,21135795,-12.0,151,0x95222290DD7278Aa3Ddd389Cc1E1d165CC4BAfe5,18105672,30000000
908,21135794,-12.0,202,0x95222290DD7278Aa3Ddd389Cc1E1d165CC4BAfe5,20801320,30000000
909,21135793,-12.0,152,0x95222290DD7278Aa3Ddd389Cc1E1d165CC4BAfe5,13176055,30000000
910,21135792,-12.0,161,0x95222290DD7278Aa3Ddd389Cc1E1d165CC4BAfe5,8620229,30000000
911,21135791,-12.0,162,0x95222290DD7278Aa3Ddd389Cc1E1d165CC4BAfe5,15725209,30000000
912,21135790,-12.0,389,0x4838B106FCe9647Bdf1E7877BF73cE8B0BAD5f97,29470495,30000000
913,21135789,-12.0,86,0x2ef3E4Bf5D0c4870bA8C0D25d401D5151c584BAB,6629994,30000000
914,21135788,-12.0,263,0x4838B106FCe9647Bdf1E7877BF73cE8B0BAD5f97,18434406,30000000
915,21135787,-12.0,173,0x95222290DD7278Aa3Ddd389Cc1E1d165CC4BAfe5,12295637,30000000
916,21135786,-12.0,165,0x95222290DD7278Aa3Ddd389Cc1E1d165CC4BAfe5,14627226,30000000
917,21135785,-12.0,161,0x95222290DD7278Aa3Ddd389Cc1E1d165CC4BAfe5,13717858,30000000
918,21135784,-12.0,190,0x4838B106FCe9647Bdf1E7877BF73cE8B0BAD5f97,14011157,30000000
919,21135783,-12.0,178,0x95222290DD7278Aa3Ddd389Cc1E1d165CC4BAfe5,17535890,30000000
920,21135782,-12.0,151,0x95222290DD7278Aa3Ddd389Cc1E1d165CC4BAfe5,16685707,30000000
921,21135781,-12.0,167,0x95222290DD7278Aa3Ddd389Cc1E1d165CC4BAfe5,14559764,30000000
922,21135780,-12.0,117,0xdf99A0839818B3f120EBAC9B73f82B617Dc6A555,10990710,30000000
923,21135779,-12.0,173,0x4838B106FCe9647Bdf1E7877BF73cE8B0BAD5f97,15992962,30000000
924,21135778,-12.0,152,0x95222290DD7278Aa3Ddd389Cc1E1d165CC4BAfe5,13448513,30000000
925,21135777,-12.0,170,0x4838B106FCe9647Bdf1E7877BF73cE8B0BAD5f97,14592916,30000000
926,21135776,-12.0,146,0x95222290DD7278Aa3Ddd389Cc1E1d165CC4BAfe5,14569172,30000000
927,21135775,-12.0,173,0x95222290DD7278Aa3Ddd389Cc1E1d165CC4BAfe5,15820370,30000000
928,21135774,-12.0,202,0x4838B106FCe9647Bdf1E7877BF73cE8B0BAD5f97,16330173,30000000
929,21135773,-12.0,118,0x4838B106FCe9647Bdf1E7877BF73cE8B0BAD5f97,9890364,30000000
930,21135772,-12.0,199,0x95222290DD7278Aa3Ddd389Cc1E1d165CC4BAfe5,17856133,30000000
931,21135771,-12.0,77,0x2ef3E4Bf5D0c4870bA8C0D25d401D5151c584BAB,6809230,30000000
932,21135770,-12.0,108,0x4838B106FCe9647Bdf1E7877BF73cE8B0BAD5f97,9435502,30000000
933,21135769,-12.0,265,0x95222290DD7278Aa3Ddd389Cc1E1d165CC4BAfe5,21739231,30000000
934,21135768,-12.0,146,0x95222290DD7278Aa3Ddd389Cc1E1d165CC4BAfe5,14511527,30000000
935,21135767,-12.0,215,0x95222290DD7278Aa3Ddd389Cc1E1d165CC4BAfe5,16582129,30000000
936,21135766,-12.0,211,0x4838B106FCe9647Bdf1E7877BF73cE8B0BAD5f97,18637013,30000000
937,21135765,-12.0,153,0x95222290DD7278Aa3Ddd389Cc1E1d165CC4BAfe5,12110465,30000000
938,21135764,-12.0,265,0x4838B106FCe9647Bdf1E7877BF73cE8B0BAD5f97,21434277,30000000
939,21135763,-12.0,217,0x95222290DD7278Aa3Ddd389Cc1E1d165CC4BAfe5,16094520,30000000
940,21135762,-12.0,133,0x95222290DD7278Aa3Ddd389Cc1E1d165CC4BAfe5,9810263,30000000
941,21135761,-12.0,189,0x95222290DD7278Aa3Ddd389Cc1E1d165CC4BAfe5,15403663,30000000
942,21135760,-12.0,143,0x4838B106FCe9647Bdf1E7877BF73cE8B0BAD5f97,12032953,30000000
943,21135759,-12.0,206,0x95222290DD7278Aa3Ddd389Cc1E1d165CC4BAfe5,15225485,30000000
944,21135758,-12.0,179,0x95222290DD7278Aa3Ddd389Cc1E1d165CC4BAfe5,17310333,30000000
945,21135757,-12.0,146,0x95222290DD7278Aa3Ddd389Cc1E1d165CC4BAfe5,11673948,30000000
946,21135756,-12.0,140,0x95222290DD7278Aa3Ddd389Cc1E1d165CC4BAfe5,10125805,30000000
947,21135755,-12.0,128,0x95222290DD7278Aa3Ddd389Cc1E1d165CC4BAfe5,10783922,30000000
948,21135754,-12.0,177,0x4838B106FCe9647Bdf1E7877BF73cE8B0BAD5f97,17389435,30000000
949,21135753,-12.0,272,0x95222290DD7278Aa3Ddd389Cc1E1d165CC4BAfe5,24050830,30000000
950,21135752,-12.0,114,0x47D55847bFABA8DC5c2954257378F621A9154cE4,6527304,30000000
951,21135751,-12.0,121,0xede48fF31Ddc94072da0F50839a4bA7FD0029b30,6120794,30000000
952,21135750,-12.0,177,0x4838B106FCe9647Bdf1E7877BF73cE8B0BAD5f97,22073916,30000000
953,21135749,-12.0,280,0x95222290DD7278Aa3Ddd389Cc1E1d165CC4BAfe5,24199991,30000000
954,21135748,-24.0,130,0x4838B106FCe9647Bdf1E7877BF73cE8B0BAD5f97,12979945,30000000
955,21135747,-12.0,197,0x95222290DD7278Aa3Ddd389Cc1E1d165CC4BAfe5,16376448,30000000
956,21135746,-12.0,95,0x1f9090aaE28b8a3dCeaDf281B0F12828e676c326,10925326,30000000
957,21135745,-12.0,198,0x4838B106FCe9647Bdf1E7877BF73cE8B0BAD5f97,14531949,30000000
958,21135744,-12.0,182,0x95222290DD7278Aa3Ddd389Cc1E1d165CC4BAfe5,18994460,30000000
959,21135743,-12.0,164,0x62d4d3785f8117Be8d2eE8e1e81C9147098bC3fF,13137341,30000000
960,21135742,-12.0,204,0x95222290DD7278Aa3Ddd389Cc1E1d165CC4BAfe5,13386259,30000000
961,21135741,-12.0,175,0x95222290DD7278Aa3Ddd389Cc1E1d165CC4BAfe5,13135858,30000000
962,21135740,-12.0,182,0x95222290DD7278Aa3Ddd389Cc1E1d165CC4BAfe5,14292088,30000000
963,21135739,-12.0,162,0x95222290DD7278Aa3Ddd389Cc1E1d165CC4BAfe5,11253701,30000000
964,21135738,-12.0,112,0x95222290DD7278Aa3Ddd389Cc1E1d165CC4BAfe5,9858501,30000000
965,21135737,-12.0,175,0x95222290DD7278Aa3Ddd389Cc1E1d165CC4BAfe5,16781643,30000000
966,21135736,-12.0,155,0x95222290DD7278Aa3Ddd389Cc1E1d165CC4BAfe5,11833147,30000000
967,21135735,-12.0,287,0x95222290DD7278Aa3Ddd389Cc1E1d165CC4BAfe5,17459566,30000000
968,21135734,-12.0,133,0x95222290DD7278Aa3Ddd389Cc1E1d165CC4BAfe5,10776454,30000000
969,21135733,-12.0,126,0x95222290DD7278Aa3Ddd389Cc1E1d165CC4BAfe5,10946214,30000000
970,21135732,-12.0,278,0x4838B106FCe9647Bdf1E7877BF73cE8B0BAD5f97,16010277,30000000
971,21135731,-12.0,89,0x4838B106FCe9647Bdf1E7877BF73cE8B0BAD5f97,9308467,30000000
972,21135730,-12.0,164,0x95222290DD7278Aa3Ddd389Cc1E1d165CC4BAfe5,16675666,30000000
973,21135729,-12.0,295,0x4838B106FCe9647Bdf1E7877BF73cE8B0BAD5f97,16069511,30000000
974,21135728,-12.0,148,0x95222290DD7278Aa3Ddd389Cc1E1d165CC4BAfe5,12222608,30000000
975,21135727,-12.0,240,0x95222290DD7278Aa3Ddd389Cc1E1d165CC4BAfe5,15979258,30000000
976,21135726,-12.0,130,0x95222290DD7278Aa3Ddd389Cc1E1d165CC4BAfe5,6792934,30000000
977,21135725,-12.0,182,0x4838B106FCe9647Bdf1E7877BF73cE8B0BAD5f97,13754898,30000000
978,21135724,-12.0,158,0x4838B106FCe9647Bdf1E7877BF73cE8B0BAD5f97,11954154,30000000
979,21135723,-12.0,159,0x4838B106FCe9647Bdf1E7877BF73cE8B0BAD5f97,12221128,30000000
980,21135722,-12.0,133,0x4838B106FCe9647Bdf1E7877BF73cE8B0BAD5f97,10712690,30000000
981,21135721,-12.0,129,0x4838B106FCe9647Bdf1E7877BF73cE8B0BAD5f97,8686308,30000000
982,21135720,-12.0,225,0x95222290DD7278Aa3Ddd389Cc1E1d165CC4BAfe5,16275746,30000000
983,21135719,-12.0,36,0x95222290DD7278Aa3Ddd389Cc1E1d165CC4BAfe5,5652715,30000000
984,21135718,-12.0,205,0x95222290DD7278Aa3Ddd389Cc1E1d165CC4BAfe5,21877560,30000000
985,21135717,-12.0,323,0x4838B106FCe9647Bdf1E7877BF73cE8B0BAD5f97,25145482,30000000
986,21135716,-12.0,122,0x0b92619DdE55C0cbf828d32993a7fB004E00c84B,7038465,30000000
987,21135715,-12.0,151,0x4838B106FCe9647Bdf1E7877BF73cE8B0BAD5f97,11477555,30000000
988,21135714,-12.0,139,0xdf99A0839818B3f120EBAC9B73f82B617Dc6A555,16055751,30000000
989,21135713,-12.0,146,0x4838B106FCe9647Bdf1E7877BF73cE8B0BAD5f97,13450016,30000000
990,21135712,-12.0,114,0x4838B106FCe9647Bdf1E7877BF73cE8B0BAD5f97,10485247,30000000
991,21135711,-12.0,157,0x95222290DD7278Aa3Ddd389Cc1E1d165CC4BAfe5,13265949,30000000
992,21135710,-12.0,229,0x95222290DD7278Aa3Ddd389Cc1E1d165CC4BAfe5,24731978,30000000
993,21135709,-12.0,330,0x95222290DD7278Aa3Ddd389Cc1E1d165CC4BAfe5,29994261,30000000
994,21135708,-12.0,221,0x88c6C46EBf353A52Bdbab708c23D0c81dAA8134A,29979435,30000000
995,21135707,-12.0,8,0x1f9090aaE28b8a3dCeaDf281B0F12828e676c326,1004966,30000000
996,21135706,-12.0,96,0x4838B106FCe9647Bdf1E7877BF73cE8B0BAD5f97,8050659,30000000
997,21135705,-12.0,222,0x95222290DD7278Aa3Ddd389Cc1E1d165CC4BAfe5,17953158,30000000
998,21135704,-12.0,132,0x4838B106FCe9647Bdf1E7877BF73cE8B0BAD5f97,14352876,30000000
999,21135703,-12.0,210,0x95222290DD7278Aa3Ddd389Cc1E1d165CC4BAfe5,19260179,30000000
